country,iso2,iso3,continent,textiles export,agriculture export,stone export,minerals export,metals export,chemicals export,vehicles export,machinery export,electronics export,other export,textiles import,agriculture import,stone import,minerals import,metals import,chemicals import,vehicles import,machinery import,electronics import,other import
Afghanistan,AF,AFG,AS,52589.45099999997,22852.927,1051.37,324.441,439.795,576.3299999999999,1591.034,2721.543,1196.421,299.85200000000003,42665.19399999999,73225.551,12299.456000000002,2135.263,6865.2779999999975,76610.30499999998,15511.67,23550.67200000001,40808.636,4296.117
Albania,AL,ALB,EU,106621.021,48052.402,2142.565,12975.424,41937.687,6465.601000000002,1660.1139999999998,4372.228,3405.685,691.6890000000002,151621.1190000001,260015.532,27844.104,56672.26799999998,56789.49000000003,74880.86399999997,46612.406,103424.56399999994,54254.87699999999,4583.457999999998
Algeria,DZ,DZA,AF,31369.929000000004,143499.38299999994,2569.324,9521320.941999998,176749.03700000004,139839.13999999998,8479.760000000002,50189.46100000002,7832.811999999999,3440.104,445576.759,3576695.712999999,152430.229,292362.74700000003,1318875.687,1401664.6799999997,1039888.3820000004,1965876.488,737731.2539999998,47942.213
American Samoa,AS,ASM,OC,0.0,0.0,0.0,0.0,0.0,0.0,0.0,0.0,0.0,0.0,0.0,0.0,0.0,0.0,0.0,0.0,0.0,0.0,0.0,0.0
Andorra,AD,AND,EU,9866.934,8703.943,2704.11,610.9590000000001,1290.4620000000002,3127.4300000000003,20183.464000000004,5630.083,6009.08,5074.483,131248.09900000002,350917.406,36507.822,62575.33700000001,33930.79699999999,118584.15800000008,83621.75499999999,119508.511,106014.93100000004,16434.264999999996
Angola,AO,AGO,AF,676.623,36567.543,161741.702,2916332.66,4577.639,57.48899999999999,1922.7580000000005,5649.896,862.7850000000001,14.914,137228.70700000002,456374.0520000001,13658.267,17586.898,116575.52799999998,129319.95599999998,434999.07999999984,248969.421,82803.99400000002,20514.417999999994
Antigua and Barbuda,AG,ATG,NA,1731.575,7969.423000000001,528.0450000000001,25936.517,2273.27,2561.957000000001,2076.982,2081.156,1802.409,38.914,11006.69,52180.323,4495.736,15126.582,8871.871,20537.611,88191.971,25008.795,21080.873,2805.1659999999997
Azerbaijan,AZ,AZE,AS,56056.11100000001,10388.81,127.29500000000002,27961.6,11675.358,4512.313000000001,42.902,3433.6979999999994,473.592,693.154,26877.748,210462.6540000001,6467.94,3350.0090000000005,23473.402,47152.01000000001,19940.693,51167.546999999984,24593.38100000001,2472.949
Argentina,AR,ARG,SA,1248409.7479999997,13260275.486999994,303745.839,2270298.131,1409599.7180000008,1633755.2459999998,1341938.053,1151553.881,259324.195,157288.62199999997,1028580.7670000003,2145152.9879999994,275270.894,981706.401,1386412.7309999997,3977340.0300000007,2612963.568,4775850.987000002,2513239.734000001,318424.793
Australia,AU,AUS,OC,4289047.230999998,11474113.152,5437354.910000002,13643927.657999994,6666205.352,4080045.575,1690959.2999999986,4200357.636,1562399.8200000003,491899.1339999999,3892437.529000001,5600491.8740000045,1638046.7810000004,2841481.917,2955050.3599999985,7572244.006000002,8456194.81,14352443.131999996,6731566.074999998,1082345.8680000005
Austria,AT,AUT,EU,5319744.733000002,8743983.399999999,1674127.3679999996,887367.628,7608322.547999997,6647852.212000002,4926939.368,13576746.663,6024555.410000004,506956.6290000004,7556069.588000004,7882892.097,2066426.121,2535559.3689999995,6338888.164999998,8661150.243999997,8278636.168,12151708.419000003,6161953.763999998,1070297.2470000002
Bahamas,BS,BHS,NA,2502.367,133421.76800000004,9025.399,93629.194,5587.56,109556.473,222415.5,9585.538,1946.608,19530.637,47129.021,216848.2250000001,35076.03800000001,221288.2,30464.43299999999,102751.071,746613.811,119958.28699999995,40628.67399999999,11402.583
Bahrain,BH,BHR,AS,85968.965,39888.09099999999,58203.137,473409.086,639460.764,153483.86800000002,64002.06500000002,24638.218999999997,15545.343,1138.488,173133.55700000003,350194.08099999995,119791.65199999996,91074.46,129933.275,171402.318,147836.4,318637.458,141780.95999999996,10063.901
Bangladesh,BD,BGD,AS,3467017.5650000013,745456.0190000003,44225.989,10255.007999999998,7341.093,170595.95399999997,7401.909,91181.528,28298.532000000003,704.2579999999999,2020790.1030000004,1320038.771,53243.283,432427.22399999993,511658.901,733833.8720000003,361845.413,763786.8630000002,268502.348,38742.64099999999
Armenia,AM,ARM,AS,2443.175,676.883,35385.641,19970.439,2370.127,302.148,47.981,626.7429999999999,726.499,113.009,4456.259000000001,95565.449,21824.577,1732.5,435.163,3975.053000000001,3260.55,9918.091,8055.047,1003.518
Barbados,BB,BRB,NA,8945.452,57289.93200000001,5275.801,1790.299,10198.986999999996,14481.098999999997,6539.882,14715.376,23295.426,2486.161,24885.467999999997,128110.487,18248.882,45317.74799999999,29661.929,60851.95,53133.751,62224.34599999997,31291.509000000005,8537.964
Belgium,BE,BEL,EU,0.0,0.0,0.0,0.0,0.0,0.0,0.0,0.0,0.0,0.0,0.0,0.0,0.0,0.0,0.0,0.0,0.0,0.0,0.0,0.0
Belgium-Luxembourg,BE,BEL,EU,12889489.313999994,23645061.03699997,15047982.632999996,4828967.612999999,19212137.394000005,33596823.57199997,25088673.805999987,16172625.631999996,8860070.637999995,2750459.3239999986,12691712.92000001,26915853.902999997,13061437.555000003,10079854.216000004,13490797.812999995,26972229.86200001,18478444.967,20712553.1,9468071.535000002,1581342.9860000014
Bermuda,BM,BMU,NA,51973.279,22260.519,1110.737,4854.35,751.6399999999999,40047.54600000001,96617.455,6940.899,597.692,1309.6659999999997,104228.336,233251.04700000005,29680.007,71867.872,22586.511,79349.77300000003,276377.0890000001,99849.776,59103.68800000002,11709.097999999998
Bhutan,BT,BTN,AS,294.884,19397.065,0.0,800.159,9918.703,10331.934,384.67,576.632,226.901,26.799,613.594,8086.878,351.92500000000007,760.0339999999999,1479.8050000000003,2255.037,4981.971999999999,7274.239,1775.458,124.115
Bolivia (Plurinational State of),BO,BOL,SA,58517.60799999998,383961.3320000001,277577.14300000004,451433.21200000006,138787.075,12014.603,25614.304,16781.292999999994,2474.262,617.973,218288.90599999987,340812.1340000001,47580.94299999999,91814.861,182299.382,361397.84700000007,321722.318,343227.5189999999,129365.46399999998,25683.719
Bosnia Herzegovina,BA,BIH,EU,22591.468000000004,10989.505,811.161,950.599,7976.399000000001,1059.081,1174.178,6803.3650000000025,1687.719,1066.792,86316.85899999997,378180.6129999997,16892.048000000003,44721.111,40274.122,90648.99700000002,36691.96400000001,51675.51300000002,43124.197,6968.486
Botswana,BW,BWA,AF,0.0,0.0,0.0,0.0,0.0,0.0,0.0,0.0,0.0,0.0,0.0,0.0,0.0,0.0,0.0,0.0,0.0,0.0,0.0,0.0
Brazil,BR,BRA,SA,3417471.0859999973,19267138.722999997,1465315.7010000004,3525885.0719999983,7693349.214999999,4024916.4499999993,3519136.819999998,4689415.794999998,1642898.4310000006,312069.0560000001,3027770.053999998,8338332.362999996,567805.353,7273902.127999999,2240310.118999999,8737080.894000003,6879710.211,11248477.429,6012154.368999995,565285.0080000001
Belize,BZ,BLZ,NA,24360.65300000001,209883.911,372.774,6495.039000000001,1651.09,5037.926,5257.28,3419.2449999999994,2023.149,48.668000000000006,31278.86400000001,76153.23000000001,9578.349999999997,54285.851,22144.232000000004,42718.177,48541.226,43181.04100000003,20050.071999999996,3544.563
Br. Indian Ocean Terr.,IO,IOT,AS,820.8409999999999,13789.687,54.106,1.209,234.226,538.581,0.0,93.902,45.114,25.6,238.357,943.902,274.517,337.50600000000003,1764.5839999999998,1134.7620000000004,424.118,599.344,246.028,68.721
Solomon Isds,SB,SLB,OC,119.453,173250.35599999997,6.101999999999999,181.627,49.532,24.257,39.615,1501.7670000000005,292.828,305.015,8196.73,18892.497,1186.462,17695.367000000002,13699.317,7689.504999999997,15931.638,21544.65,6395.003999999998,1316.038
Br. Virgin Isds,VG,VGB,NA,1551.6819999999998,4741.115,29366.756,5232.686,1794.726,18286.02700000001,21334.808,4102.008,8294.693000000001,2286.284000000001,2869.8680000000004,45233.307,9514.014,8679.259,3182.6070000000004,6027.219,235715.16,10103.185,7997.844,986.76
Brunei Darussalam,BN,BRN,AS,73070.37600000002,1303.715,129688.345,1928675.157,4799.462,1945.992,17596.381999999998,67643.43400000001,4883.04,200.704,170380.795,299598.28199999995,671070.051,77343.61099999999,234135.02600000007,148819.74700000006,516148.1289999999,568584.8859999999,267360.658,22484.779
Bulgaria,BG,BGR,EU,665029.736,765632.9259999999,80577.41700000002,309641.15699999995,1001835.3030000002,660304.0510000001,28870.995000000014,229462.15299999987,105113.99099999997,2367.4050000000007,636967.544,849391.24,86995.74100000001,290262.03,304409.562,550445.763,398632.1439999999,666207.9550000003,278905.58400000003,19057.690999999995
Myanmar,MM,MMR,AS,120598.455,931730.9129999996,70387.10900000001,26459.104999999992,3012.002,44652.851,698.876,5732.05,6164.203000000001,110.426,290414.04200000013,570831.417,55453.47299999999,116246.639,206878.97199999992,292144.3599999999,311885.3870000001,358105.46,214625.5430000001,14731.587
Burundi,BI,BDI,AF,4906.602,158736.58000000005,73599.83499999999,3565.753,832.49,1259.082,601.715,342.68,28.147,104.085,28025.864999999983,59182.96900000001,2391.605,34258.787,20711.274999999998,47866.85599999999,35124.304,35516.97800000001,22141.275999999987,2831.184
Belarus,BY,BLR,EU,358690.22799999994,168868.351,49937.21799999999,137258.275,184542.8680000001,396565.314,81247.92200000004,76994.82600000003,22902.216,1214.664,225521.746,534645.784,37152.26900000001,58969.297,77793.57900000001,316931.5329999999,237473.67600000004,368135.4689999999,110117.83899999998,13882.89
Cambodia,KH,KHM,AS,74467.47000000002,181942.042,193.867,17.416999999999998,1125.4779999999998,42723.552,424.218,1104.4160000000002,1002.545,236.61500000000004,100317.615,346059.48899999977,117805.855,68953.88799999999,50351.78599999998,98438.19499999998,254843.661,111053.238,125892.45799999998,7469.500999999999
Cameroon,CM,CMR,AF,107140.091,990849.9569999996,10624.688999999998,599883.2100000001,159358.399,101067.219,6147.413000000001,9771.937,8938.08,1294.345,91272.77300000002,248528.36099999992,19121.329000000005,48268.441000000006,102527.87499999996,282511.173,149696.61399999997,206680.7030000001,76850.36100000005,12046.495999999996
Canada,CA,CAN,NA,5650272.992999999,47004789.42400002,4091887.6,20614796.404000003,16082537.286999986,14739008.155999998,48143793.53900001,20824035.680999983,9908461.907000002,1192478.061,9324729.342000002,15311850.026000014,3159678.8180000004,6406484.444000002,11991278.38400001,18009948.290999997,33125551.89299998,39149311.49000002,21002632.46999999,2815386.934
Cabo Verde,CV,CPV,AF,5932.812,1976.584,9.229,0.0,1301.701,188.379,747.968,1019.558,217.554,13.447,9869.075,79797.99699999999,6835.044000000003,34353.659,15956.926000000003,17670.083000000006,15831.223000000002,24315.572000000004,12779.26,1841.6160000000004
Cayman Isds,KY,CYM,NA,751.116,31084.521,24520.662,68.956,4157.525,21900.452,27688.924,18899.318,201.04,166.798,64265.54500000002,90674.513,23882.013000000003,70444.606,25461.038,144866.08700000003,168746.263,39403.84099999999,16306.254,2986.7360000000003
Central African Rep.,CF,CAF,AF,13140.591,59805.28000000002,127458.841,272.207,5150.593,2037.057,9360.876,636.528,549.0310000000001,196.513,9185.899,32042.329,2725.118,3344.392,16089.090999999997,27527.223,42581.187000000005,50761.98,15205.905000000006,2147.428
Sri Lanka,LK,LKA,AS,1944430.1699999992,607423.309,294551.908,24398.354,27894.98999999999,263015.789,5320.53,146053.112,59801.386,1647.866,1002327.608,845011.5809999999,228166.554,132697.65099999998,235598.205,508023.8439999999,398812.4690000002,529099.1900000002,271090.416,47999.043
Chad,TD,TCD,AF,87323.008,23231.690999999995,3.103,9.743,7.290999999999999,39.777,5990.075,87.89099999999999,23.693,4.177,12527.88,42214.21600000001,2014.2319999999995,35046.977,12686.095999999998,34416.778999999995,23537.586000000003,38044.77199999999,16578.68,10592.631999999998
Chile,CL,CHL,SA,269751.6539999999,6505335.097999999,706903.6220000001,2691068.378,5014772.472999999,765627.3079999997,154368.28600000002,160324.71700000003,69268.08200000002,128950.97,1212651.8800000004,1616095.2810000004,207455.205,1545685.27,1120448.871,2165015.5049999994,2512798.281,3475681.155000002,1411469.8769999994,151239.88100000002
China,CN,CHN,AS,57317755.56999996,25751247.18900001,4451414.755999999,7280140.377999997,13517138.842999998,14465265.317999996,3379329.9260000004,28231348.582999997,25753789.093000013,442596.3210000002,14614523.299000014,17276552.979000006,1176196.2939999998,6420845.1269999975,11538190.114999993,17333836.930999998,6152274.828999997,28688039.222999997,16568151.966999993,451902.2190000001
Christmas Isds,CX,CXR,AS,96.29,383.06,0.546,1636.53,10.669,29.586,0.0,74.034,8.226,0.0,1359.226,3325.194,484.461,2869.315,1884.5639999999992,4172.014999999999,1411.453,4337.133,1963.072,93.36199999999998
Cocos Isds,CC,CCK,AS,2209.46,2555.2609999999995,145.613,3007.074,143.63500000000002,69.773,13.549,324.259,86.02099999999999,0.0,1072.637,1048.735,187.096,289.38699999999994,464.163,1567.8190000000002,412.3739999999999,1665.7710000000004,734.4450000000002,15.694
Colombia,CO,COL,SA,993569.9299999996,4112583.891999998,762498.2120000002,2923793.5419999994,479614.4409999999,930514.0989999998,101495.745,190554.312,103202.907,125169.836,771599.7649999999,1890410.096,210593.42600000004,399789.051,1385312.548,2779416.5730000013,1804640.8100000003,2854190.123000002,1386386.0679999995,148627.355
Comoros,KM,COM,AF,143.899,8479.815,2.627,0.0,18.065,5829.579,129.431,145.92100000000005,140.30599999999998,19.368,11176.380000000005,54208.01900000001,2771.985,19280.904,14918.194000000003,17963.695999999993,25296.112,20669.515000000003,16189.241000000002,4968.754
Mayotte,YT,MYT,AF,0.0,0.0,0.0,0.0,0.0,0.0,0.0,0.0,0.0,0.0,0.0,0.0,0.0,0.0,0.0,0.0,0.0,0.0,0.0,0.0
Congo,CG,COG,AF,798.9940000000001,187962.608,450859.59700000007,848204.412,4641.675,3351.141,541.4279999999999,13217.761,1653.496,134.687,45727.902,139881.63699999993,8334.640000000001,18191.591,241494.299,97471.62400000004,36921.826,190462.791,65019.03600000005,4452.947
Dem. Rep. of the Congo,CD,COD,AF,2780.944,175790.80599999998,838752.8230000002,177435.314,254616.03400000004,11753.576,638.3430000000002,2227.277,357.221,544.456,228177.718,317489.705,16377.531999999996,106043.134,49225.086,142646.04100000003,110327.12000000004,99092.988,55466.488000000005,25955.536000000007
Cook Isds,CK,COK,OC,744.345,2290.63,2270.914,26.979000000000003,87.535,344.379,156.603,164.33800000000002,174.356,133.79500000000002,5359.726,13706.084999999995,998.2810000000002,6042.289999999999,1717.6499999999994,3947.3759999999993,5143.328,8867.600000000004,2506.2580000000003,420.527
Costa Rica,CR,CRI,NA,538888.1250000001,2138498.0539999995,88128.567,23705.697,86772.14699999997,252430.01600000012,4697.513,98570.57900000004,147319.43699999995,15439.839999999998,488377.7720000003,625406.5220000002,81417.80300000001,224753.062,316257.745,715855.1450000006,318191.83900000004,534839.9400000003,266632.387,41569.087
Croatia,HR,HRV,EU,1237102.752,974208.2799999998,111673.63400000002,445097.902,281898.3019999999,866932.7480000003,328237.4999999999,285461.433,331829.75,19315.179000000004,1013894.6380000004,1467352.349,133414.43399999995,926472.594,616253.192,1042804.4049999996,751386.3040000001,1160147.8270000005,562603.3040000001,40926.19600000001
Cuba,CU,CUB,NA,4428.96,757906.4740000004,7988.568999999999,20919.374000000007,241839.347,56211.22300000001,476.608,4758.595,3905.398,1509.43,113891.552,592575.5079999998,44917.57399999999,295008.60400000005,182988.5979999999,391296.03,93195.47100000003,264097.28300000005,111713.953,10170.000999999998
Cyprus,CY,CYP,AS,243191.515,669269.198,9798.984000000004,58228.068000000014,51612.82899999999,96785.45699999997,146312.20100000006,129094.521,100678.081,12338.804999999997,419536.8859999999,977946.6690000008,147442.46699999998,343408.669,296650.369,447828.3260000002,1019405.3689999998,576730.332,317460.47599999985,50260.947
Czechoslovakia,CS,CSK,EU,0.0,0.0,0.0,0.0,0.0,0.0,0.0,0.0,0.0,0.0,0.0,0.0,0.0,0.0,0.0,0.0,0.0,0.0,0.0,0.0
Czechia,CZ,CZE,EU,2879475.9370000022,2943213.110999997,1137614.831,1132159.1600000004,3753349.035,2724452.1,2078702.9250000007,3056137.4990000003,1968915.7449999992,191667.3810000001,2303715.663999999,2920425.6280000005,544766.3670000001,2078836.968,2734522.241000001,3749733.146,1875779.931,5300306.372000003,2901991.724999999,271759.34799999994
Benin,BJ,BEN,AF,144773.93199999997,33898.75800000001,3475.043,9673.626,545.012,1086.517,430.5300000000001,578.533,164.221,259.349,228890.39100000003,229797.16,22251.98100000001,187002.61900000004,37455.943000000014,62776.22899999998,56957.506000000016,52687.84000000001,51144.61300000002,5255.41
Denmark,DK,DNK,EU,4622210.81,15025130.926999995,745209.7490000003,1475702.9910000002,2731916.600999999,5936356.189,2037735.7239999992,9664282.006000005,3302249.671000001,375370.2469999998,4023928.834,8418477.526999997,707062.7019999998,1848128.999,4211998.871000001,6195485.702,4154822.5559999994,7884698.902999999,4016150.336,484285.1959999999
Dominica,DM,DMA,NA,3586.7540000000004,29430.217000000004,538.501,629.294,30708.661,23030.169000000005,3568.542,9171.351,1945.923,326.75100000000003,43422.93500000001,54175.956000000006,3458.7699999999995,9842.219,16926.775,26213.123,19131.178,31130.223000000005,14471.813000000004,1549.63
Dominican Rep.,DO,DOM,NA,2111402.9620000003,605370.5059999999,206942.449,1124.954,258885.59,105460.089,712.847,329655.4149999999,230210.503,3057.3550000000005,1216388.8399999994,934442.905,76122.98,428633.225,208755.845,433826.4449999999,230625.309,603046.854,344573.402,17951.159999999996
Ecuador,EC,ECU,SA,81583.39700000003,2664060.906,127355.38599999998,1536325.628,44407.719000000005,75582.73699999996,67427.66300000003,36482.97900000001,15783.536000000006,4806.603,246495.145,677603.9009999998,93931.945,263204.016,463709.061,883637.1710000002,821731.942,856335.2859999998,394064.0090000001,58700.63800000001
El Salvador,SV,SLV,NA,363143.0499999997,705239.351,3281.4790000000007,1664.485,63968.022,128273.192,2038.708,27341.91099999999,59497.982,2828.8120000000013,376683.874,600277.6789999999,49076.84500000001,209935.137,224611.84400000004,494817.3430000002,294860.92399999994,365696.00700000033,217164.40100000004,26215.974
Equatorial Guinea,GQ,GNQ,AF,149.39200000000002,62843.47199999999,38.405,31897.497,41.722,43.943,22.492,85.431,439.271,6.981999999999999,3331.415,22326.104,1527.523,11841.414,7885.996,10278.098,7077.637999999999,11599.786999999998,3965.965,1170.095
Fmr Ethiopia,ET,ETH,AF,0.0,0.0,0.0,0.0,0.0,0.0,0.0,0.0,0.0,0.0,0.0,0.0,0.0,0.0,0.0,0.0,0.0,0.0,0.0,0.0
Ethiopia,ET,ETH,AF,32991.285,488482.913,309.66900000000004,13185.935,1093.376,4311.993,2262.93,27357.363,1864.051,172.218,118795.50600000002,247706.441,20975.514000000003,114620.34,156406.09799999997,291051.9970000001,297210.813,347070.3410000001,93375.93599999996,13621.735
Estonia,EE,EST,EU,423659.033,612166.7080000001,44849.705,230068.973,183882.12599999996,229165.65499999997,154410.45500000005,201287.87600000016,94909.021,4318.274,382654.534,571337.743,92117.909,338055.037,198197.455,328938.91800000006,264238.70300000004,402124.95700000034,284161.43200000003,23013.94
Falkland Isds (Malvinas),FK,FLK,SA,3472.9680000000003,17775.301,2.654,0.0,30.630000000000003,209.369,30.372,2876.067000000001,706.8870000000002,83.726,2257.305,9042.568000000005,283.903,1886.472,508.3860000000001,1545.64,18660.83,4774.904,2379.212,594.2480000000002
Fiji,FJ,FJI,OC,174216.84000000003,309355.555,43818.17600000001,2226.926,2167.952,2270.0040000000004,202.457,3233.753,2344.0170000000003,242.837,117839.185,124947.24799999998,16019.289,88790.2,45172.783,59307.31300000001,45786.72700000001,87193.33900000002,41433.112,8491.392
Finland,FI,FIN,EU,1301842.5140000004,15431206.307999996,533653.5020000001,940257.0619999998,4209688.061000001,2813752.7389999987,2857063.371000001,6659407.646000002,5905444.518999998,359885.521,1894617.2479999997,3329951.171,387989.1780000001,3346500.7179999994,2774404.2190000005,4157382.3960000016,2632001.026,5705518.017999999,4666114.087,235954.47399999996
France,FR,FRA,EU,16704379.677999996,51414413.66800001,6833718.301000001,7660078.623000001,22561572.644,47981183.06600002,46717691.79200001,46282342.79699997,27126572.221999995,3224320.9269999983,25644422.57500001,43822193.14700004,7396018.181000002,18213253.905,22779844.048000004,40556972.35599997,38493604.84200002,51636985.344,25321131.943999995,3609546.110999998
French Polynesia,PF,PYF,OC,220.64,10762.357,97863.346,0.751,357.29,5590.938,181.344,1417.186,746.1469999999999,71.076,34796.16400000001,172536.94800000003,14351.851000000002,40786.65699999999,42918.82700000001,78661.63499999998,126265.249,85018.74500000002,46146.62100000002,14468.733000000002
Fr. South Antarctic Terr.,FQ,ATF,SP,0.0,9.207,0.0,423.561,0.0,1.512,0.0,0.918,0.0,0.0,261.68,907.307,20.945,318.579,160.20600000000002,107.469,589.417,1526.5370000000005,35.351,8.129
Djibouti,DJ,DJI,AF,6271.627,7942.001000000001,3788.678,5223.087,4601.851,4755.740999999999,4663.018000000001,3036.6690000000026,3333.8010000000017,271.45,93255.158,133992.773,6634.378000000001,7201.545000000002,13379.047999999995,28220.649,24290.469,19542.419,14473.326999999996,1780.7530000000002
Gabon,GA,GAB,AF,1089.635,425678.162,462.843,1867505.2290000005,1610.948,54160.00399999999,1191.132,5746.360000000001,353.78399999999993,81.15700000000001,57009.00600000002,137328.85499999998,13411.625000000004,19353.139000000003,71590.168,109198.52200000006,104492.053,187478.308,54972.67200000002,10360.475999999995
Georgia,GE,GEO,AS,2526.104,5515.791,2983.2570000000005,7843.813999999999,65852.06800000001,6013.551,587.914,4590.936999999999,759.0190000000001,235.102,10538.566,199137.999,2090.324,60294.151000000005,3408.377000000001,21544.261,7207.758999999998,18041.186,9927.177999999998,983.807
Gambia,GM,GMB,AF,5600.0,49390.562000000005,123037.081,756.9780000000001,769.1320000000001,2898.117,381.799,1499.6230000000005,983.13,7.461,94172.71400000002,103926.519,2343.4239999999995,19166.997000000003,12558.205000000004,25579.047,22314.127,15379.967999999995,15512.038000000004,2521.028
State of Palestine,PS,PSE,AS,0.0,0.0,0.0,0.0,0.0,0.0,0.0,0.0,0.0,0.0,0.0,0.0,0.0,0.0,0.0,0.0,0.0,0.0,0.0,0.0
Germany,DE,DEU,EU,31539238.44400001,47015090.36099997,10098934.243,5906611.097999998,45859399.747,85939014.18199998,88504841.36999999,122889628.58800007,56182462.59899999,6229455.546999999,54184096.582,73461721.93199997,13136109.889,25754603.91200001,43053413.052999966,53762655.74,48033784.91299999,79016726.02499999,49560537.937,4175688.957
Fmr Dem. Rep. of Germany,DD,DDR,EU,0.0,0.0,0.0,0.0,0.0,0.0,0.0,0.0,0.0,0.0,0.0,0.0,0.0,0.0,0.0,0.0,0.0,0.0,0.0,0.0
Fmr Fed. Rep. of Germany,DE,DEU,EU,0.0,0.0,0.0,0.0,0.0,0.0,0.0,0.0,0.0,0.0,0.0,0.0,0.0,0.0,0.0,0.0,0.0,0.0,0.0,0.0
Ghana,GH,GHA,AF,12119.737,815284.2579999999,223066.672,53222.529,238941.55600000004,12385.332,3810.107,9886.153,2059.543,222.728,160896.65800000002,268418.839,25402.887,105049.598,150227.76299999995,313087.8329999999,239330.416,361593.0250000001,149109.00699999998,17725.32
Gibraltar,GI,GIB,EU,2008.817,14367.228,39538.07800000001,759.74,1017.382,4011.936,15833.024999999998,6835.786999999998,2328.407,2125.703,34540.202999999994,85825.47699999997,33457.218,328245.9220000001,6464.344,21207.634,76795.817,23864.960999999992,10306.695,2131.5170000000003
Kiribati,KI,KIR,OC,71.38900000000001,9226.947,77.06700000000001,10.678,94.507,18.152,19.921000000000003,131.57000000000002,8.688,7.122,2745.4240000000004,16729.802999999993,229.00800000000004,3610.772,4323.843000000001,3873.548,2892.4370000000004,4737.210999999999,2392.639,638.081
Greece,GR,GRC,EU,2740985.354,3704330.065,238120.34099999996,1197894.2609999997,1405863.290999999,868307.5670000002,190999.313,591385.3310000002,384094.9300000001,88253.54,2464446.6730000004,5923249.536000004,659519.4110000002,1813592.5699999996,2228680.456,3873356.234999998,3225388.755999999,3915656.902,1641694.6810000006,229972.0
Greenland,GL,GRL,NA,157.284,387778.786,39.383,12.379,698.169,55.287000000000006,16613.018,1497.7960000000005,476.302,3221.034,32788.51200000002,86588.635,23219.622000000003,31019.429000000004,24066.599000000017,28544.357000000007,43157.208,57278.79300000004,32933.65,3930.937
Grenada,GD,GRD,NA,319.33500000000004,25165.135,22.528,525.1139999999999,852.5720000000001,1113.903,1161.0929999999998,1902.329,877.3580000000001,74.92099999999999,10013.850000000004,50310.58599999999,3838.966,16227.235000000004,11014.068999999998,17555.346999999998,9809.317,14145.010000000002,9816.564000000002,2616.69
Guam,GU,GUM,OC,0.0,0.0,0.0,0.0,0.0,0.0,0.0,0.0,0.0,0.0,0.0,0.0,0.0,0.0,0.0,0.0,0.0,0.0,0.0,0.0
Guatemala,GT,GTM,NA,280108.6910000001,1534817.9259999993,48095.96399999999,50612.51299999999,77858.51900000001,311759.4620000001,16654.588000000003,37098.966000000015,13806.057999999995,2667.294,429461.5439999999,677699.0369999999,56893.658,409764.17900000006,358706.753,724046.0290000001,415513.58100000006,494864.688,267138.11000000004,34090.776
Guinea,GN,GIN,AF,14094.95,124219.23000000004,120864.895,349569.31,3432.939,225417.4890000001,10118.465000000002,7493.597,1053.8780000000002,276.538,82509.73399999998,322818.16000000003,9865.094,88693.872,74003.46399999999,103013.00200000004,94283.999,87256.53100000005,56239.19600000002,4526.909
Guyana,GY,GUY,SA,11612.433,213793.922,123496.332,87740.919,1483.0860000000002,9925.717,878.833,2146.661,189.382,44.608,18335.959000000006,71420.23000000001,5541.193000000001,31926.869,24503.356000000003,47692.713,57535.408,88710.43599999997,14536.599000000006,1779.787
Haiti,HT,HTI,NA,103908.79800000002,58715.156,589.371,936.9,4269.123,11515.264,352.742,6044.304,4289.821,691.3059999999999,80192.69900000005,366629.1769999999,8507.089,38275.355,37021.01600000001,54735.93200000001,101047.687,60769.203,40644.34399999998,4402.219000000001
Honduras,HN,HND,NA,694740.3910000002,996182.38,6748.804,15223.631,12093.707,63936.296999999984,16375.317000000005,21202.969999999998,10681.499,822.3919999999998,555378.9679999996,386382.83099999983,43125.688,151432.61299999998,157566.442,402280.79,162905.842,321342.03200000006,241093.468,12388.562999999998
"China, Hong Kong SAR",HK,HKG,AS,20195853.59299999,5452242.769000002,3264290.286000001,331490.65099999995,2950835.529999999,4059436.760999999,948209.4730000003,14654475.762999997,15991950.85,1109926.0449999997,29547390.781000003,20450950.48100001,11346620.227000006,4046357.377,10457931.382999996,17101537.461999994,8137196.943999998,28773356.516,38062897.69500003,1180467.865
Hungary,HU,HUN,EU,2006316.5550000004,3502506.9990000003,275019.66400000005,437711.87400000007,1565508.3010000002,1979116.723,787489.2499999999,1857600.4370000013,1691234.671,67252.074,2082375.6040000012,2180655.3149999995,308855.04300000006,1699404.52,1628111.8160000008,2673860.297999999,1479395.8809999996,2976274.743,2003340.95,141282.236
Iceland,IS,ISL,EU,25084.227,1447563.786,14445.315000000002,25016.10199999999,259707.93900000004,32085.773000000005,69252.69700000001,62892.52799999999,8560.017,3840.424,198879.15399999995,330803.20600000006,33712.69900000001,173439.227,127179.85600000004,270453.84100000013,192939.134,331919.921,181946.5069999999,21329.285
Indonesia,ID,IDN,AS,9969174.985999998,13312295.463999998,847153.4660000001,13649524.867000004,2222826.479000001,4329450.175999998,486418.2349999999,1899419.892,3062838.035,15995.686000000003,3082311.370000002,5207329.200000003,473663.22099999984,3162655.260999999,4459610.141000001,6384337.927000004,3382017.4170000013,10085481.885999994,4341427.501999999,197694.612
Iran,IR,IRN,AS,767795.2200000002,797798.9609999998,10737.267000000002,12213277.855,316036.9450000002,168599.48200000002,14127.166000000005,46856.949,16405.744,39810.251,368300.265,2515208.2630000003,97300.167,121907.275,661430.555,1423673.3330000003,486471.4280000001,1754533.4109999996,987493.371,40308.785
Iraq,IQ,IRQ,AS,578.0250000000001,1089.897,69.55499999999999,413876.562,231.741,2010.877,32.159,785.782,576.0700000000002,15.634,2817.299,362165.123,6094.496,607.079,3161.664,130298.38500000002,885.266,9864.591,577.261,72.404
Ireland,IE,IRL,EU,1601286.7980000009,9511056.25899999,776723.8509999998,326993.15100000007,894315.1829999998,11312605.72,502287.0830000001,10693049.584000004,7214834.053000003,289594.09400000016,2376444.7150000003,4430410.778000001,645332.4729999999,1067552.201,1772692.3719999993,5355484.950000001,2210755.967,8589485.533000005,5229838.490999999,342092.62399999995
Israel,IL,ISR,AS,1543603.1900000002,1503302.876,6153539.6850000005,249504.0560000001,746105.3259999999,3651751.034000001,484092.9130000001,3105469.814000001,2643236.613000001,68675.47600000004,1638149.9629999998,3048222.095,5084484.839,725189.458,2092597.392,2985926.0840000003,3243793.942,4499985.674,3059430.503,189047.666
Italy,IT,ITA,EU,43951057.44,26689182.442000013,13558909.495,3334116.501,20647744.529000007,25033685.60200001,22983238.879999995,56402759.47300004,14999707.651999991,1954472.5700000003,15796584.777000004,37455237.153000005,5949182.949,17978272.512999997,19677101.964,29941591.61199998,20742036.040000003,28730298.916000016,17115457.107000005,1263800.6660000002
Côte d'Ivoire,CI,CIV,AF,271788.231,2990201.43,159250.73600000003,398567.8600000001,73201.99399999998,368334.0270000001,32488.95700000001,33470.033,19089.634,2885.751,220664.33700000003,662014.247,39789.651000000005,476495.32500000007,208113.216,473992.5419999999,406885.425,386170.32799999975,153039.30900000004,37498.38000000002
Jamaica,JM,JAM,NA,602232.3210000002,376276.46700000006,2185.393,120898.02,7762.166,528062.1600000001,2957.2910000000006,7021.610000000001,12878.747,987.698,517136.1590000004,448943.9209999999,40932.533,334369.779,116575.418,255863.3660000001,231833.83699999997,292708.3809999999,119933.842,16154.013
Japan,JP,JPN,AS,9994131.064000005,5742858.669999996,5983557.252000001,3267804.338,29762509.82999999,39094158.04800001,92880852.91000009,144129497.00599995,112144511.72199996,5067573.922000002,28208293.169999983,72428406.48300001,12375346.637000002,55652700.437,19125423.387,26203171.36499999,16410515.257000005,41433065.776,30706257.246000007,2035384.923
Kazakhstan,KZ,KAZ,AS,119152.27700000006,105625.76099999998,132531.11800000002,161789.04899999997,691203.865,128586.94399999996,5761.736000000001,6044.1410000000005,2481.121,328.786,170507.26199999996,295944.05899999995,21808.914,30912.544,40714.695,118800.44,91079.78000000004,273056.48500000004,117724.702,20505.774
Jordan,JO,JOR,AS,87118.22799999999,434258.24400000006,25869.777999999995,248815.15899999996,44500.828,788952.6909999998,79626.933,50124.81699999999,16154.594000000005,3039.771,376771.8339999999,1339194.558,110683.401,467720.5670000003,500651.43600000016,595721.249,339227.0,632620.8349999998,219245.324,21548.622
Kenya,KE,KEN,AF,97143.887,1097209.364,19663.593,80226.47299999998,79440.03,86312.539,35358.014,32696.372,12771.401,9526.910999999998,242393.88800000004,441429.299,34669.218000000015,94997.91800000002,273616.817,422517.778,436871.73400000005,452238.01400000014,164655.29700000002,29964.497000000003
Dem. People's Rep. of Korea,KP,PRK,AS,221312.9510000001,165766.60400000005,21669.413000000008,49186.530000000006,86254.76399999997,61336.217,12562.336000000005,63417.567000000025,201729.27599999987,2103.518,183857.575,269648.17900000006,15123.074000000002,259007.9980000001,58520.176000000014,138983.16800000003,80421.387,98843.954,82140.11499999999,4601.388999999999
Rep. of Korea,KR,KOR,AS,19545321.14799999,7582284.001999997,3456086.831,2713438.696999999,10697340.307000004,11629535.453000003,15314832.471,17199662.218,38219185.734000005,290643.32800000004,6867511.290000002,14877218.636999993,5084174.414000001,19012599.551,13251598.276,13988684.191000003,5726337.178,28460984.72900001,18015577.59599999,876465.6979999999
Kuwait,KW,KWT,AS,13410.722,46029.77300000001,24797.776000000005,8529607.98,50042.70699999999,147799.87999999998,34471.60199999999,50301.03599999998,22217.02,2764.399,680571.8770000001,966488.995,235439.176,108326.555,465782.1520000002,545557.066,2011191.609,996308.0810000002,524811.286,27650.411000000004
Kyrgyzstan,KG,KGZ,AS,103903.95100000004,148791.108,9931.121,50315.94,105455.713,32957.98,7597.888999999999,22673.36,18801.509,646.445,123331.07900000009,147448.51,9194.948000000004,176264.07799999998,38768.50300000001,48312.755000000005,44505.41299999999,84596.51400000001,23912.377,2159.164
Lao People's Dem. Rep.,LA,LAO,AS,89427.74499999998,120886.24,71.909,3632.19,10593.34,4090.717,198.701,2075.449,337.88700000000006,63.067,54574.90700000002,106396.63300000005,37077.68600000001,58625.048,38069.18999999998,50819.03500000001,102577.538,70116.46200000003,34648.07699999999,820.2039999999998
Lebanon,LB,LBN,AS,60380.10899999998,135245.60299999997,111516.686,19873.308,59031.333000000006,47766.292000000016,2516.259,28713.159000000003,12394.566,24149.602999999992,584546.6220000002,1366180.9749999996,365347.4410000001,323632.0799999999,383657.8210000002,594774.8700000002,468368.677,690882.0230000003,472069.68400000007,45800.246
Lesotho,LS,LSO,AF,0.0,0.0,0.0,0.0,0.0,0.0,0.0,0.0,0.0,0.0,0.0,0.0,0.0,0.0,0.0,0.0,0.0,0.0,0.0,0.0
Latvia,LV,LVA,EU,339462.708,676163.5099999999,30343.27,382643.2599999999,279597.70600000006,210909.95,94068.685,51268.49600000002,90283.787,2112.03,238880.43700000003,471922.0399999999,42891.994000000006,404874.978,120426.09300000002,331329.8469999999,175903.57800000007,291960.781,143703.196,15433.302
Liberia,LR,LBR,AF,403.943,3244.732,769730.865,20130.128,1934.684,17195.358,114861.795,1864.908,263.279,34.236,9254.397,80217.65600000002,1958.879,32916.684,9281.493,26553.220000000005,4681247.168999999,47008.144000000015,9042.415,1157.18
Libya,LY,LBY,AF,3121.1110000000003,42604.10299999999,193.418,7482661.186,173058.06999999998,427327.45,4803.754000000001,5386.637,1435.7700000000004,194.222,369710.872,1118426.0800000003,95887.068,281055.284,458502.28800000006,531276.497,360494.0440000001,730098.2320000001,313177.319,35114.633
Lithuania,LT,LTU,EU,548763.0989999998,806036.1489999995,70617.20300000001,437082.968,366866.3480000002,457097.0529999999,144559.74899999995,170046.8629999999,174659.16799999998,7451.366999999999,410020.644,730993.6610000001,58358.80000000001,657150.3379999998,318289.1960000003,541924.329,275914.82599999994,428317.87000000005,233067.889,19807.605000000003
Luxembourg,LU,LUX,EU,0.0,0.0,0.0,0.0,0.0,0.0,0.0,0.0,0.0,0.0,0.0,0.0,0.0,0.0,0.0,0.0,0.0,0.0,0.0,0.0
"China, Macao SAR",MO,MAC,AS,1655743.5680000004,123617.83600000004,6661.417,17987.982,15184.569000000003,37704.316000000006,7841.9760000000015,145939.16700000002,95884.448,25446.531000000003,986776.451,630148.0069999996,129995.53699999998,84525.555,98059.15599999996,177541.402,171445.29200000002,229912.16000000003,218412.837,24072.63500000001
Madagascar,MG,MDG,AF,98984.00799999994,360326.94600000005,5659.875000000002,40717.215,927.47,10803.862,1191.633,7055.4980000000005,412.08599999999984,4412.557000000001,123143.53300000008,115275.73599999998,9936.364,84311.38499999997,67950.796,99569.62699999996,73929.831,100120.14799999996,37814.266,9821.270999999995
Malawi,MW,MWI,AF,47139.65499999999,393075.4900000001,161.755,653.938,2537.2520000000004,6569.603000000001,4824.892000000001,4374.194,2194.916,95.675,51961.88400000002,108265.462,6924.376999999999,32556.797,38002.29100000002,111165.01700000008,99413.91099999998,72635.02799999999,41664.59500000001,10500.466
Malaysia,MY,MYS,AS,4293662.372000001,13578196.41900001,1279079.3120000004,5480276.773,2298694.0380000006,5772502.022999996,2120562.8660000004,12784058.085000005,29388727.315000016,103847.85999999996,2495232.482000001,5752101.364000001,2980717.4380000005,2209643.066000001,6357799.951000005,6062112.102999999,5971540.440000001,14848716.650000004,25362467.992,268975.29600000003
Maldives,MV,MDV,AS,32211.464000000007,57078.72200000001,310.8500000000001,0.0,248.069,393.201,68.647,579.5899999999999,158.77800000000002,4.484,34606.852,84662.19100000002,6936.584,37763.258,25320.428999999996,23899.278,14690.537000000002,48717.62699999999,37902.456000000006,2975.461
Mali,ML,MLI,AF,186521.091,15075.993000000002,15630.538,30.004,1957.642,2420.2960000000003,99.63,1887.111,5913.501999999999,372.782,64438.881,103197.73200000005,6752.209,79643.75400000003,53854.882,108242.43600000002,63043.76,90703.37800000008,44702.28300000001,4197.267
Malta,MT,MLT,EU,255383.56500000012,58963.40899999999,46315.727,100209.651,30931.445999999996,102109.58,142554.02500000002,262889.12000000005,1300853.4080000003,54048.945,255115.31699999995,425250.1260000001,117162.05,520692.2839999999,145577.648,292042.705,526005.8790000003,483905.40800000046,1048280.7490000004,31540.395
Mauritania,MR,MRT,AF,1144.9350000000002,338541.055,194.415,220088.399,260.3,387.341,252.222,1544.153,400.18500000000006,597.7149999999999,52609.22899999999,168120.61300000004,4904.170999999999,59828.882,30114.958000000013,47096.071,62989.16500000001,68106.386,25016.625000000004,2865.51
Mauritius,MU,MUS,AF,954983.652,495890.0619999999,75397.96299999999,504.849,7315.186000000001,18958.082999999995,22097.918,120769.00099999996,7653.1579999999985,1822.798,598483.9900000002,427614.551,105953.096,159738.11099999998,118650.64399999994,215461.7309999999,235167.04699999996,278910.30100000004,113331.73900000002,20086.626000000004
Mexico,MX,MEX,NA,6095818.365,7805907.396999999,1643530.9600000002,8911238.885,5920907.797999995,5486388.656000001,13103557.798999997,11917132.452,19562550.618000004,460372.992,4167352.589,7469447.425999997,666811.783,1865378.8160000008,5635210.746999997,8925747.046999997,5717996.329999999,12564024.722000005,15409294.752999997,600208.9210000001
"Other Asia, nes",N/A,N/A,AS,19549939.225000005,7952944.342000004,1459852.688000001,313607.0779999999,9994590.942000004,12263917.545000002,4283410.696999999,37004715.851999976,25395234.76700001,189283.945,4112781.9549999977,10441802.983000005,2171345.33,4353259.291,9521539.81,12411456.628,7040604.180999999,18042247.348,21546639.62800001,579749.7380000001
Mongolia,MN,MNG,AS,83162.02500000001,30831.66299999999,53292.397,78764.041,13593.854999999996,3157.449,21.659,221.281,1765.691,228.861,35419.50300000001,54482.66800000003,4519.116000000001,2299.008,18707.667,28150.654999999995,37604.849,51603.374,24518.63399999999,3646.17
Rep. of Moldova,MD,MDA,EU,72063.829,569043.7860000002,20532.322,8503.823,97203.99,17580.999000000003,13875.174,36716.80399999999,17989.85100000001,1204.534,72543.468,188148.6,26920.016000000003,360973.689,36513.00300000001,104938.368,43351.31399999999,92770.10200000004,52751.311,2382.381
Montenegro,ME,MNE,EU,0.0,0.0,0.0,0.0,0.0,0.0,0.0,0.0,0.0,0.0,0.0,0.0,0.0,0.0,0.0,0.0,0.0,0.0,0.0,0.0
Montserrat,MS,MSR,NA,187.655,10380.211,68.871,11.43,41.475,233.924,65.304,340.679,2078.828,13.305,859.2850000000001,3897.008,546.328,1700.852,707.8860000000001,1096.554,902.411,17548.577999999998,2280.6960000000004,89.842
Morocco,MA,MAR,AF,1893940.476000001,2014261.6989999996,85069.237,678546.5159999997,143866.07600000003,1115440.1670000004,30239.091,104366.60099999997,441517.1539999999,9396.247999999996,1631818.2389999998,2051792.9949999987,114850.45900000002,1242660.0920000004,860242.7080000002,1230220.722999999,684287.0980000001,1370536.1379999996,762670.803,73961.71300000003
Mozambique,MZ,MOZ,AF,29711.045999999995,179120.2489999999,7190.117,13310.85,5156.872000000001,6756.375000000001,1895.945,3350.121,864.8539999999999,62.178,66662.929,325632.7290000001,8215.762,211708.3800000001,85332.31800000004,99501.819,108642.88400000002,92808.10300000005,50933.312000000005,12391.565
Oman,OM,OMN,AS,255441.74199999997,369404.5339999999,24333.945,4631644.955999998,133640.028,79192.48000000001,511424.192,149534.01599999997,61160.48999999999,8520.527999999998,318248.83100000006,1000459.5929999992,281855.38499999995,146852.756,308203.753,427921.7390000001,1471282.748,831745.8000000002,412368.73300000007,39800.59900000002
Namibia,NA,NAM,AF,0.0,0.0,0.0,0.0,0.0,0.0,0.0,0.0,0.0,0.0,0.0,0.0,0.0,0.0,0.0,0.0,0.0,0.0,0.0,0.0
Nauru,NR,NRU,OC,298.11500000000007,991.367,9.922999999999998,28158.344,429.735,272.497,12036.703,326.369,38.599,39.692,1758.091,7896.543000000002,513.6220000000001,3309.542,1079.479,2226.969,2031.004,5635.886999999999,1219.803,184.022
Nepal,NP,NPL,AS,305085.28800000006,35714.095,3048.1050000000005,125.75799999999998,1570.9500000000005,11692.613999999996,270.035,3754.416,1282.404,2345.307,158344.59399999998,72398.74100000001,5243.1900000000005,15008.275999999998,62837.46099999997,114546.57400000004,42956.34,143403.43600000002,86932.98600000002,6975.396
Netherlands,NL,NLD,EU,8885276.217000002,47407495.43099997,2036625.1150000007,13661817.935999995,12956115.018999998,34748738.46600001,10407927.665000008,28780941.311000016,11405747.994000005,2467571.8529999983,13927895.822999995,36941017.01799997,3114144.720000002,15143508.816000003,15941098.620000005,27943304.913999982,16157783.944999993,37370103.40399997,14975138.311,1903643.706
Neth. Antilles,AN,ANT,NA,27404.20599999998,138238.4,98201.892,743604.5940000002,4733.7530000000015,16369.09,61921.048,19313.58100000001,7063.069,875.571,155427.67200000002,305750.8260000001,125639.991,1266194.81,47679.18199999999,97914.80999999998,256941.20600000003,171742.59100000004,76839.175,11754.053000000002
Curaçao,CW,CUW,NA,0.0,0.0,0.0,0.0,0.0,0.0,0.0,0.0,0.0,0.0,0.0,0.0,0.0,0.0,0.0,0.0,0.0,0.0,0.0,0.0
Aruba,AW,ABW,NA,410.533,18175.868,251.676,576346.75,464.301,4127.229,252.571,1290.712,662.0509999999999,236.905,32165.619,216393.47,13669.45,161396.85299999997,13631.548,27027.522000000008,19744.145,54115.16500000002,16662.945999999996,3090.959
Saint Maarten,SX,SXM,NA,0.0,0.0,0.0,0.0,0.0,0.0,0.0,0.0,0.0,0.0,0.0,0.0,0.0,0.0,0.0,0.0,0.0,0.0,0.0,0.0
Bonaire,BQ,BES,NA,0.0,0.0,0.0,0.0,0.0,0.0,0.0,0.0,0.0,0.0,0.0,0.0,0.0,0.0,0.0,0.0,0.0,0.0,0.0,0.0
New Caledonia,NC,NCL,OC,464.59600000000006,17355.79,7632.164,132758.126,370852.113,839.3589999999999,1591.1509999999998,1827.482,499.165,126.323,57926.474,159838.33000000007,18290.57000000001,97324.697,52079.494000000006,96707.86300000008,137042.054,109085.11200000004,64780.355000000025,16771.136
Vanuatu,VU,VUT,OC,6.560999999999999,26015.515,19.242,1.056,21.09,12.568,39.19,610.3710000000001,33.26,84.83699999999999,5751.79,13956.904,1527.395,3566.9190000000003,6278.25,5133.676000000001,55836.936,14182.749,6813.002,824.6599999999999
New Zealand,NZ,NZL,OC,1214874.4129999997,8504422.71,252659.40100000004,290436.747,1090743.312,1266765.8860000002,302966.5090000001,779320.9000000003,390454.49300000025,38090.39699999999,995802.6249999997,1513784.859,251075.75599999996,784283.395,918384.4839999996,2205678.807,2217664.936999999,2814289.8230000003,1383880.975,283490.369
Nicaragua,NI,NIC,NA,79714.25799999997,410342.273,25942.275,4261.121,8540.158,11123.268000000002,5554.088999999999,58973.81999999999,13980.941000000004,384.31700000000006,91462.643,276472.9230000001,18742.19,173944.03100000002,82724.451,205559.13500000007,73732.99699999997,137724.01499999998,81756.93400000004,12429.783
Niger,NE,NER,AF,28613.729,80547.20099999999,535.3070000000001,166368.56100000005,650.6669999999999,149702.48400000003,13166.128000000004,4686.740000000001,2384.689,520.476,61633.083,116969.455,2752.9150000000004,37051.028000000006,19524.85100000001,50310.936,32311.470000000005,69163.82300000003,17200.174999999996,4580.413000000001
Nigeria,NG,NGA,AF,45829.33100000001,557687.088,7112.867999999999,10464526.585,21561.798000000003,222405.31800000003,4044.274,24276.074000000008,7716.777,1017.41,317047.584,721042.776,73041.49800000002,295799.438,534154.9269999999,941671.125,491735.0749999999,937887.7239999998,437611.6930000001,42907.37099999999
Niue,NU,NIU,OC,74.47800000000001,484.5700000000001,4.742,18.225,30.648000000000003,51.418,32.216,53.59,21.384,1.356,721.551,5255.232999999998,271.943,91.939,290.19100000000003,1552.219,1144.997,25901.542,1784.683,110.3
Norfolk Isds,NF,NFK,OC,6.377,126.315,4.1,0.0,0.0,4.311,77706.674,3.28,632.8720000000001,26.044,770.692,3158.972999999999,773.7239999999999,107.808,608.885,1287.8160000000005,547.2460000000001,1639.006,1060.535,236.16800000000003
Norway,NO,NOR,EU,740202.9150000003,6347862.445000003,350951.7799999999,20339690.66,5081855.206000001,3162251.298000002,2304559.378,2996955.604,1378959.6410000003,78457.11099999999,2940318.987999999,4215702.977000001,561574.5279999999,1305665.9379999998,4261414.539000001,4263967.459000002,4330797.783999999,6578176.456000001,3057922.2710000006,412532.1960000001
N. Mariana Isds,MP,MNP,OC,647.468,310.29999999999995,46.95,1.366,143.35000000000002,41.001000000000005,637.6149999999999,235.043,138.376,8.062999999999999,31883.63600000001,9594.418,886.3969999999999,11863.455000000002,2197.669,2992.7410000000004,11048.774999999996,7709.337999999995,1792.8429999999996,339.2169999999999
FS Micronesia,FM,FSM,OC,10941.260000000002,105117.546,0.0,0.0,29.442,0.0,0.0,5.124,28.174,0.0,2876.631999999999,23615.24,224.746,2804.342,4581.372,2557.1160000000004,5871.281,7389.348,3958.361999999999,104.56
Marshall Isds,MH,MHL,OC,35.018,21509.913,1.699,25.105,116.914,251.722,4321.767,334.992,1013.987,0.0,2474.885,14457.569,2722.8949999999995,3634.771,3115.7300000000005,2717.9170000000004,527782.2499999999,9188.112,4135.585999999999,918.064
Palau,PW,PLW,OC,6262.715,18469.867,0.0,17.519,386.293,23.273,21.666,55.796,712.3050000000001,0.0,1875.375,6333.118,1495.3159999999996,94.932,2547.866,1088.205,2690.264,3077.8000000000006,2655.2000000000003,142.727
Pakistan,PK,PAK,AS,5189623.634,1418431.6849999996,33470.181000000004,43604.11200000001,56764.29600000002,40520.87,7844.810999999998,278616.96799999994,10646.506999999998,3450.125,556093.0540000002,1593436.481,75826.46500000003,137366.68999999997,668293.8150000001,1777836.033,633267.2019999998,1795814.0379999992,928762.7100000002,52474.05899999999
Panama,PA,PAN,NA,361307.755,1013771.3959999998,51567.836,67600.383,39461.035,222141.08899999995,819390.2549999998,181705.187,203511.36999999997,10292.517000000003,1465845.0389999992,579937.9820000003,423423.3580000003,487003.073,271004.672,826432.8190000001,8984587.678,1041768.0529999996,1155952.508,50702.939000000006
Papua New Guinea,PG,PNG,OC,1348.5340000000003,968456.6329999998,314635.906,1137790.632,1416.8439999999998,6405.359999999999,1878.789,13480.899,1309.226,481.885,55027.56399999999,196069.59000000003,15147.829000000003,136143.43000000002,102215.26400000004,115146.57499999995,153489.488,263955.4029999999,67439.44099999999,11857.272000000004
Paraguay,PY,PRY,SA,349741.6670000001,714696.7939999996,1387.608,68353.15,18609.357000000004,31224.096999999994,2754.263999999999,8356.916,3669.104,2056.28,315926.5330000001,878677.6640000001,93555.899,173669.75,200561.834,603859.2019999998,420575.423,919512.5890000002,689565.1370000001,30895.697000000004
Peru,PE,PER,SA,499090.2109999997,1791380.068,746163.265,1172598.3620000002,1361660.3089999997,143452.211,6436.024000000001,33904.26299999999,14270.656,5614.639999999998,359891.71099999995,1422003.8449999995,109920.03800000004,763402.0020000002,580437.698,1122208.015,912120.1160000004,1608636.799,816829.0610000005,81076.457
Philippines,PH,PHL,AS,3169767.7740000007,3344970.498999998,315609.3029999999,645296.791,646966.4969999999,386710.7679999999,211390.507,2892843.462,6498699.726,15529.308,1465500.263,3645490.321000001,340843.599,957833.114,1718262.1860000002,2695928.8059999994,2279648.719,4701644.847000001,7437868.1400000015,152232.81699999998
Pitcairn,PN,PCN,OC,6.845,4039.488,33.421,38.805,0.0,17.823,0.0,502.865,72.875,0.0,271.177,2371.972,54.687,346.19300000000004,128.832,688.493,386.121,365.644,2049.0750000000003,8.021999999999998
Poland,PL,POL,EU,4678075.594999997,4298211.912999999,698832.4120000002,2371099.44,4135873.212000002,2512041.2940000007,2316962.9529999997,1669145.1019999995,1416591.5409999995,54275.52900000001,4284042.782000003,4569379.789000001,629622.0520000001,2917564.637,2180616.0289999987,5180074.445000001,2460423.911,5632806.466000003,2355596.799,366499.222
Portugal,PT,PRT,EU,7741028.492999997,4532257.474999998,1093533.6549999996,1046267.048,984827.817,1550432.6349999998,2226550.264000001,1687775.4109999996,2838746.6759999995,54995.54500000001,3946249.2720000017,6569490.748000001,790075.4009999998,2500483.9359999998,2635136.578999999,4349569.865000002,4694438.167,4837565.253999997,3268070.926,334038.437
Guinea-Bissau,GW,GNB,AF,2122.69,91547.841,9.175,6938.286,1099.98,473.631,71.04,370.102,99.981,58.325,38753.22900000001,22122.569000000003,1168.405,3416.182,6092.481999999999,10970.11,15245.269,10527.002,7297.808999999999,485.4980000000001
Timor-Leste,TL,TLS,AS,1.96,78.73400000000001,12.547,3.319,29.496,97.671,2.544,308.559,280.68,0.0,783.3489999999998,838.9179999999998,293.712,624.0,32.33,482.213,4.964,24.459,86.462,0.0
Qatar,QA,QAT,AS,74402.56500000002,4975.775000000001,10273.699,2543402.86,67690.333,249659.335,7648.475,14599.719000000005,4954.134000000001,1039.049,136268.539,251108.76200000005,106809.06,38237.768,306896.56600000005,155566.60400000002,269118.231,793516.1499999996,258406.477,12611.833999999995
Romania,RO,ROU,EU,2662920.062000001,1001922.961,206641.947,741397.821,1683341.526,1006480.885,466385.942,597905.6170000001,306937.8749999999,6563.436000000001,1591490.0139999995,1484827.454,144637.989,2216307.393,562318.4260000002,1276413.1849999994,450764.851,1792497.8320000004,697167.8129999998,71082.64099999999
Russian Federation,RU,RUS,EU,1235465.023,7034479.932000002,3168212.802,17836794.352,15995923.359,5870332.521999999,786656.3289999997,919080.407,330657.9239999999,84899.509,5308126.364000003,12438977.345,652258.1790000001,533584.4709999999,1524767.917,3808541.640999999,2377087.3340000007,7754377.682999999,4154028.9219999993,464087.253
Rwanda,RW,RWA,AF,433.55,38728.55900000001,517.59,2399.409,276.075,1071.5269999999998,268.504,202.14500000000004,146.59800000000004,14.604,10681.038999999995,64085.262,1909.245,1013.7969999999998,11071.770000000002,17499.981000000003,25883.8,16871.857,9484.408999999998,3542.0730000000003
Saint Barthélemy,BL,BLM,NA,0.0,0.0,0.0,0.0,0.0,0.0,0.0,0.0,0.0,0.0,0.0,0.0,0.0,0.0,0.0,0.0,0.0,0.0,0.0,0.0
Saint Helena,SH,SHN,AF,45.813,3761.606,378.484,0.0,121.491,291.492,18.535,463.906,106.746,13.228000000000002,932.5199999999998,5340.095999999999,1060.688,3687.14,906.942,1873.367,1240.937,3608.986999999999,2156.413,287.587
Saint Kitts and Nevis,KN,KNA,NA,1682.1799999999998,15109.817,208.885,42.724,144.449,110.555,381.309,1689.7340000000002,19243.844,131.13899999999998,10905.866000000002,34203.530999999995,4726.227,10345.691,18604.225999999995,13657.51,10671.943,17830.605000000007,19922.036,2184.797
Anguilla,AI,AIA,NA,1618.0700000000002,266.034,23.656,244.241,162.68,94.14200000000002,1262.979,443.3549999999999,315.507,67.446,3434.292999999999,83005.44900000001,2165.5130000000004,222682.593,2422.1470000000004,3543.984,3081.3920000000003,3404.181,2827.2340000000004,147.447
Saint Lucia,LC,LCA,NA,23181.155000000013,76919.15800000001,329.5679999999999,12.645,1965.802,3943.92,1566.663,7031.507,8416.299,263.692,26871.538000000004,118267.795,8678.286,99725.69299999998,18885.918,39687.282,19766.176,31437.309999999987,27002.917,4550.799999999999
Saint Pierre and Miquelon,PM,SPM,NA,301.523,5402.86,20.098000000000003,0.0,114.366,122.608,62.947,177.154,86.045,31.646,4270.183999999999,10759.698999999997,1225.0059999999996,4508.147999999999,4615.933999999999,5681.392999999997,5997.359,8647.595999999998,5167.919999999998,867.2309999999998
Saint Vincent and the Grenadines,VC,VCT,NA,5733.550999999999,67361.66100000002,1104.775,3.1590000000000003,2569.221,1195.7299999999998,29559.24399999999,1873.743,992.648,84.048,11796.581000000002,58175.13100000003,5520.547999999999,21814.774,12930.112,20743.15200000001,86743.059,17004.885999999995,11287.616000000002,1562.6169999999995
San Marino,SM,SMR,EU,0.0,0.0,0.0,0.0,0.0,0.0,0.0,0.0,0.0,0.0,0.0,0.0,0.0,0.0,0.0,0.0,0.0,0.0,0.0,0.0
Sao Tome and Principe,ST,STP,AF,690.5920000000001,4347.137999999999,8.168,0.0,90.465,422.304,39.082,277.15200000000004,547.63,23.303,3275.7780000000016,11194.497999999996,595.8109999999999,2303.042,2686.359,3589.1120000000005,4381.588,8423.765,3921.295000000001,509.644
Saudi Arabia,SA,SAU,AS,173085.83999999997,906644.248,316380.282,37484220.78199999,1051281.5279999997,4961407.317,186522.468,670716.3990000001,300164.19800000003,10877.876000000004,3912294.838000001,6559733.998999999,2302362.0590000004,351651.0400000001,3290087.511,3862700.438000003,4129035.568,5593525.353000001,2842947.457000001,144952.23499999996
Senegal,SN,SEN,AF,24866.71,381338.963,2133.916,43448.117,7168.001999999999,34271.95,400.519,5254.989,2829.052,417.222,107064.18500000004,408502.59,19027.889999999992,106829.36699999995,84438.15700000002,164413.42399999994,106766.90200000005,172998.64300000016,79356.73200000002,11794.019000000002
Serbia,RS,SRB,EU,0.0,0.0,0.0,0.0,0.0,0.0,0.0,0.0,0.0,0.0,0.0,0.0,0.0,0.0,0.0,0.0,0.0,0.0,0.0,0.0
Seychelles,SC,SYC,AF,357.93699999999995,38429.60399999999,200.501,25021.679,431.423,908.313,456.50500000000005,4464.112999999999,720.6469999999998,191.407,19260.378,77960.54299999998,6677.476000000001,46575.9,21229.716,26115.322999999997,23228.34400000001,45799.208,27822.835,3262.325999999999
Sierra Leone,SL,SLE,AF,3745.385999999999,50087.273,110419.271,8452.916000000001,3046.074,1639.2290000000005,999.245,2379.572,842.0980000000002,227.808,11163.308,68429.82299999999,2888.679000000001,22601.386,8187.086000000002,19578.715,16722.377999999997,26027.256,17745.150999999998,967.847
"Europe EFTA, nes",N/A,N/A,EU,0.0,0.0,0.0,0.0,0.0,0.0,0.0,0.0,0.0,0.0,0.0,0.0,0.0,0.0,0.0,0.0,0.0,0.0,0.0,0.0
India,IN,IND,AS,9830110.591,8269549.258999998,5837166.123999999,1670246.4999999998,2434402.2800000003,3663499.663000001,1040744.509,1518341.6379999989,829283.3749999998,72303.80199999998,1265615.9120000002,2932965.6420000005,4597317.580000001,5568407.549,3857278.606,6369222.796000002,1426108.735,7432211.104000003,2765206.777,288816.723
Singapore,SG,SGP,AS,2517445.5240000007,5518939.838999999,1991948.155,9479466.314,3289933.6490000007,8263549.175999995,2409393.291,35477274.63800002,31449829.133000016,1056930.94,4577573.507999999,7729419.848999998,5193763.116000001,10469028.306,7193951.950000005,9756634.928999998,6489538.3050000025,26986743.958,39288805.915,916790.733
Slovakia,SK,SVK,EU,1104017.2319999998,1328023.1950000003,332305.412,532214.9449999998,2159627.243999999,1520968.5280000009,727394.6739999996,843348.0590000001,428671.759,98749.43800000002,854767.6620000002,1291641.656000001,194467.155,1119186.5749999995,1057941.6300000006,1592037.6879999998,961003.9990000008,1797387.5789999994,870167.6430000002,76203.89599999996
Viet Nam,VN,VNM,AS,1581724.3959999995,2179230.22,77933.74400000002,1017167.421,39699.33399999999,117022.45300000004,19464.986,72902.26500000003,33299.240999999995,2197.182,923975.0550000004,1156719.9249999998,133258.41299999997,859670.127,644682.51,1370784.477,782508.654,1427931.4890000003,749851.3429999999,37906.118
Slovenia,SI,SVN,EU,1762308.8229999987,1284125.6629999997,211489.212,118024.459,1048480.2560000002,1223854.4820000003,1003547.4140000005,1187032.8109999998,907161.544,65295.472000000016,1191498.5230000005,1602448.8189999994,209875.24699999997,633452.105,994759.7929999992,1533499.6359999997,1320150.3680000002,1633798.583999999,668118.738,64400.775000000016
Somalia,SO,SOM,AF,214.29900000000004,122338.97099999998,135.79700000000005,17.049,1063.3729999999998,648.9119999999998,8.189,162.07000000000002,157.951,40.001,5240.17,58669.845,2028.554,40.891000000000005,1491.3709999999996,3997.074000000001,2865.471000000001,4172.353999999998,1883.8,2026.493
South Africa,ZA,ZAF,AF,0.0,0.0,0.0,0.0,0.0,0.0,0.0,0.0,0.0,0.0,0.0,0.0,0.0,0.0,0.0,0.0,0.0,0.0,0.0,0.0
So. African Customs Union,ZA,ZAF,AF,1246392.7980000002,4536694.610000001,6172274.307999999,4620421.113,4693884.064000001,2310801.882,1014464.4400000006,1243723.091000001,454505.935,71552.35899999997,1567151.234,3159583.303000001,839860.6289999996,2449755.994,1450991.3289999994,4150847.037000001,3363617.713999999,6687026.121999997,2899693.4680000003,324698.385
Zimbabwe,ZW,ZWE,AF,228509.28300000008,1004865.7169999996,77419.47799999999,143623.782,459599.9149999999,53534.69299999999,20800.90200000001,37940.056,12460.941000000004,12647.553000000002,169827.26599999992,248866.81200000003,53962.02299999999,127279.73200000002,247945.49899999995,422564.524,455020.452,585997.0950000003,248708.71600000013,24756.19500000001
Spain,ES,ESP,EU,7399444.359000003,18263694.394000005,3587609.575999997,2248528.245,8109419.116000002,10825292.71599999,23389954.684000004,10371466.107000006,6141067.082999999,970960.6919999996,7494175.704999997,21216881.367000006,2121181.1639999994,9985869.947999995,9329992.425,16901296.819999997,14813207.400000004,20380973.441,10187329.300000004,935698.209
South Sudan,SS,SSD,AF,0.0,0.0,0.0,0.0,0.0,0.0,0.0,0.0,0.0,0.0,0.0,0.0,0.0,0.0,0.0,0.0,0.0,0.0,0.0,0.0
Sudan,SD,SDN,AF,0.0,0.0,0.0,0.0,0.0,0.0,0.0,0.0,0.0,0.0,0.0,0.0,0.0,0.0,0.0,0.0,0.0,0.0,0.0,0.0
Fmr Sudan,SD,SDN,AF,171457.688,570224.0580000001,18770.615,8178.484,4040.935,1740.8489999999997,1059.253,4713.317999999999,948.549,365.757,75027.94599999997,382670.6269999997,18513.40200000001,98854.134,135834.08700000003,218840.24899999995,120246.11699999995,200995.406,87843.55000000002,6245.987
Suriname,SR,SUR,SA,1581.5050000000003,161666.10299999997,39308.462,10713.558,106690.22900000002,308767.528,1116.527,6615.631,2928.873,422.313,40930.619,119079.208,8439.896,414616.644,49466.296999999984,171733.41899999988,83500.04899999998,155770.41499999992,43660.139000000025,3920.684
Swaziland,SZ,SWZ,AF,0.0,0.0,0.0,0.0,0.0,0.0,0.0,0.0,0.0,0.0,0.0,0.0,0.0,0.0,0.0,0.0,0.0,0.0,0.0,0.0
Sweden,SE,SWE,EU,2760144.352,15647616.067999998,957820.0749999996,2572749.849999999,8748900.671000004,8324483.920000002,11679458.949999996,16137282.745999996,10640869.991000006,384906.5289999999,4705527.461000002,6834441.727000001,1076980.1199999996,4081898.1379999993,6545502.774,8596063.696,6135312.935999998,13809936.337999992,8539510.546999998,749966.1690000003
Switzerland,CH,CHE,EU,4177635.315999998,5328684.943000002,11166905.052000005,658465.9680000002,6031083.600000001,23961579.777,1977361.746,29588858.54400001,8065994.348999997,1493119.2479999997,8389255.065999998,9613300.741000002,9206918.602999998,4097774.408999999,6674707.326000005,13898420.996000003,9443184.423,16280412.455000002,6922220.684000001,2481189.003
Syria,SY,SYR,AS,394889.859,349798.128,2566.1170000000006,2039819.423,4142.327000000001,12201.462,1066.861,34984.863,2414.507,3583.7150000000006,385355.2470000002,865618.6109999999,34779.79499999999,96784.613,388633.22300000006,506292.9999999999,306875.156,817756.1379999999,324186.1109999999,14347.599
Tajikistan,TJ,TJK,AS,131245.97900000002,11925.48,1317.7379999999998,3376.388,67293.192,5643.064,918.3620000000002,1946.538,733.69,15525.919999999998,9071.794000000004,58288.08,1012.289,3548.557,1742.602,11776.488,3358.8559999999998,38881.519,12016.758999999996,225.814
Thailand,TH,THA,AS,9608424.126,13377275.351000017,2925186.425,748108.3679999999,1508739.980000001,6522187.398000002,852889.5579999996,11550260.163999988,10218933.222999996,192209.216,2564547.768,5471840.608999998,2708393.299000001,4640966.620999998,8550144.579,7933042.163999997,7059962.225000001,15674456.195,12655990.702000003,269204.033
Togo,TG,TGO,AF,103721.027,81868.07399999998,60639.965,123947.176,7561.457000000001,5948.700000000001,11235.064999999997,4846.250000000001,6830.365999999999,1464.999,238887.586,167802.75399999996,9300.16,150232.52,34819.77200000003,80585.59199999998,54117.508,59934.711,39723.75799999997,6769.012999999999
Tokelau,TK,TKL,OC,866.352,1121.201,426.48,28.509,353.645,244.145,119.191,4687.3020000000015,46.687,40.172,718.402,155.902,47.866,1554.874,1606.226,192.357,2.6870000000000003,106.776,123.646,0.0
Tonga,TO,TON,OC,11.984,16487.479999999996,59.948,0.441,61.224,48.335,15.45,115.864,143.67499999999998,25.043,2260.039,23468.323000000004,527.1280000000002,3003.802,3347.689999999999,4773.464999999999,3952.947000000001,8103.665000000003,3558.865,515.1510000000001
Trinidad and Tobago,TT,TTO,NA,30678.149,307172.46799999994,20282.954,1185073.283,249671.50799999997,637315.1510000003,24042.695,48497.88799999999,12748.384,3225.4590000000003,85580.123,345987.84600000014,30635.588999999996,188079.86,166725.99900000004,237160.63700000013,125707.50599999998,467198.95900000015,100151.03,11742.701
United Arab Emirates,AE,ARE,AS,672112.812,683663.3769999997,428139.669,13134625.277000006,743019.2649999999,563413.4170000001,351416.92100000003,445223.9650000002,213015.605,28546.222,3912358.400000002,2860153.8720000023,1350435.949,383311.4770000001,1723391.8819999998,2013793.713,2516996.967,4221227.061000001,3394702.941,130740.436
Tunisia,TN,TUN,AF,2838738.047000001,714529.5329999998,49737.193000000014,569521.1149999999,165679.49199999997,697417.5380000004,55101.561,176122.0819999999,420798.4180000002,6716.216,1990803.1739999992,1369928.4349999996,108246.41100000008,777708.0870000002,570231.7240000003,858065.8010000003,541910.3429999999,1138849.1830000004,572867.1910000001,47406.39299999999
Turkey,TR,TUR,AS,8586798.020000001,5315622.131999999,638630.8160000003,924986.253,3050522.638,1453574.203,837677.8249999997,917874.5670000004,1041738.833,22259.08099999999,2999914.117,4347762.387999999,394631.1319999999,4384805.477999999,4141180.295999999,5816166.824000001,3762281.249,6839735.9559999965,2266727.153000001,183564.798
Turkmenistan,TM,TKM,AS,316120.895,17703.221,115.519,69883.11300000001,3135.149,954.196,147.011,2423.735,725.7110000000001,4972.589000000001,28857.568000000003,59667.75499999999,9107.442999999996,1776.318,21178.615,33474.987,12813.418,81825.789,21187.598,3613.715
Turks and Caicos Isds,TC,TCA,NA,90.237,8386.643,3801.733,162.32,74.145,197.373,4.507,116.151,11.779,33.188,3183.628,7426.812000000003,1225.117,882.5050000000001,3089.381,11899.777,3290.724,3610.187000000001,3220.059,581.935
Tuvalu,TV,TUV,OC,5.396999999999999,14.859,24.972,0.0,86.61399999999999,663.0079999999999,0.0,22.9,238.64,14.0,338.471,1636.1740000000004,18.472,130.31,114.326,146.21099999999998,428.129,505.918,1227.2000000000005,14.985
Uganda,UG,UGA,AF,17100.339000000004,597515.249,29170.233,1975.535,7174.968000000004,7048.463000000001,4957.9800000000005,2895.647,2001.3040000000003,167.841,116083.93200000004,189482.261,15904.616,56761.24999999998,108238.18200000004,151132.259,158367.896,153314.466,89833.09399999997,12571.787
Ukraine,UA,UKR,EU,429722.864,663572.4579999999,80397.61,957999.4350000004,2141126.462000001,1312314.5099999998,91457.65199999996,93535.17699999998,63539.51099999999,1257.667,654822.5340000001,1300206.275,150453.90199999997,636612.1920000003,200425.19000000003,723922.2470000001,433874.967,1012045.183,371293.7790000001,33166.884
TFYR of Macedonia,MK,MKD,EU,342071.1829999999,369413.0619999999,40907.96699999999,36584.181,372427.513,89578.912,32811.641,62117.707999999984,83868.286,1070.5660000000005,550305.7289999999,447383.6000000002,38257.31300000002,200838.68899999995,182456.045,375701.4259999999,181412.53599999988,283180.5580000001,93354.67900000002,10173.758000000002
Fmr USSR,SU,SUN,EU,0.0,0.0,0.0,0.0,0.0,0.0,0.0,0.0,0.0,0.0,0.0,0.0,0.0,0.0,0.0,0.0,0.0,0.0,0.0,0.0
Egypt,EG,EGY,AF,1485405.4190000005,639777.9890000001,66181.764,2918392.457,573219.575,314595.84900000005,39811.30900000001,100300.40099999995,32239.53799999999,21910.433,1182110.3860000002,4907997.435000001,222489.00699999995,464672.3320000001,1474254.296999999,2083179.084,1929402.6669999997,2955564.9369999995,1297255.247,92169.734
United Kingdom,GB,GBR,EU,12428223.039999995,24310110.119,12431785.703999994,14655770.159000002,16909226.132000003,38012284.432,25553535.131,55004827.56100001,27480384.786000017,6485743.782000003,22010211.948000006,41234960.053,11153527.431999996,12211446.074000005,18019607.361,32970624.099999987,32638805.07900001,54326675.31899998,31952207.946,4152392.504999997
United Rep. of Tanzania,TZ,TZA,AF,136018.946,371497.167,21928.313,9829.042,40919.75300000001,3767.97,5135.041,7682.812000000001,1565.338,510.966,159826.389,289001.68,30953.674000000003,79788.15999999997,212796.338,285790.2690000001,353723.44099999976,244206.1740000001,150791.60300000003,28978.057999999997
USA,US,USA,NA,24630204.515000008,91127101.03199996,15099923.963,14967259.453000003,28158469.585999988,75359983.681,79688592.059,154181422.879,94980915.888,8858154.194,67669982.12399998,71428841.24299999,23513386.426,64086341.201,43685094.438999966,56948340.93900001,115638034.68599994,162714584.49699995,114917913.62399992,7356749.274000003
US Misc. Pacific Isds,N/A,N/A,N/A,5308.0960000000005,67083.506,466.4550000000001,11389.849,3876.680000000001,1955.796,1253.472,6377.718,6269.185,1780.0549999999998,141015.99799999993,204190.547,19088.796,225730.597,31662.012,37353.132000000005,55994.065,82848.768,25090.551,3715.428000000001
Burkina Faso,BF,BFA,AF,154044.06000000006,70227.144,32614.108,3052.1800000000003,1370.6950000000002,1419.6760000000004,4386.590999999999,1730.026,1061.024,316.81600000000003,41883.409000000014,104408.66600000004,5135.598000000001,68117.32,42228.82399999999,104505.778,52911.562000000005,72695.40200000002,28677.196999999996,6234.243999999999
Uruguay,UY,URY,SA,500387.33,1525600.6689999993,35708.39599999999,30817.354,37290.899,217795.9020000001,144151.925,52325.42500000001,22845.582000000017,10876.144,307787.2239999999,551484.3469999998,79768.62400000001,282809.031,172976.26299999995,640660.2649999999,511757.174,551794.045,281858.248,51257.75
Uzbekistan,UZ,UZB,AS,994399.1080000004,36155.55300000001,184303.585,69816.781,56020.067,42170.457,769.0700000000002,2143.05,911.322,2960.306,116719.945,313511.6280000001,13227.720999999998,34790.122,75895.87399999998,146604.49300000002,122468.15400000004,459265.584,115237.47700000004,3200.64
Venezuela,VE,VEN,SA,103301.96999999996,773470.7859999998,283458.73299999995,14751888.639,2068335.3879999996,1123865.7740000002,467648.095,96425.75599999996,73389.49299999997,8462.001999999999,868786.123,2293935.8370000003,173253.216,253289.183,1109625.1870000002,2127298.4600000004,1449510.933,2833288.3740000003,929293.7490000002,124017.63099999998
Wallis and Futuna Isds,WF,WLF,OC,48.29600000000001,188.961,40.697,0.0,0.0,0.0,121.378,31.015,458.131,35.479,796.1339999999999,6742.108,137.24300000000002,1011.4450000000002,749.983,1883.929,4770.982000000001,1105.544,2084.969,55.14399999999999
Samoa,WS,WSM,OC,241.453,8249.551000000001,57.995,883.029,231.869,81.432,0.0,44.92,47623.902,23.96,2541.400000000001,24321.820000000007,891.2460000000005,9165.977,10510.935,10377.729,3483.785,10595.320000000002,41290.94699999999,669.1419999999999
Yemen,YE,YEM,AS,1915.805,57423.95999999999,604.216,1550717.0260000003,9175.570999999998,2866.739,1193.2889999999998,5541.45,1285.315,398.215,120395.33300000004,706480.819,16194.914,237676.321,150922.531,171057.368,84912.01999999999,165468.05600000004,73329.30100000002,16227.522999999996
Serbia and Montenegro,CS,SCG,EU,9056.382,145961.32100000005,6908.275,3284.905,29050.388000000003,24343.26600000001,4326.838000000001,17454.990999999998,11012.105999999996,1928.7290000000005,29643.431000000004,211548.90700000004,5247.759,74551.621,17483.321999999996,151246.33300000004,10516.862,39927.62499999999,6780.157999999999,2108.106
Zambia,ZM,ZMB,AF,46049.51,65339.759000000005,13007.300999999998,44028.80799999999,1111907.1180000002,7203.965,10654.769000000002,8739.960000000001,7809.349999999999,420.339,73894.491,119757.60399999992,19878.455,101670.801,68436.42299999998,155616.76599999997,165536.63299999994,221575.0380000001,58047.34499999997,18718.942
