country,iso2,iso3,continent,exp0,exp1,exp2,exp3,exp4,exp5,exp6,exp7,exp8,exp9,imp0,imp1,imp2,imp3,imp4,imp5,imp6,imp7,imp8,imp9
"Afghanistan",AF,AFG,AS,122,134,168,101,100,59,77,74,87,102,129,147,91,107,100,118,126,111,136,99
"Albania",AL,ALB,EU,173,103,81,122,142,109,117,128,152,134,139,121,127,105,128,115,86,103,115,123
"Algeria",DZ,DZA,AF,102,104,90,215,126,165,87,140,130,88,174,195,171,160,190,183,173,187,173,149
"American Samoa",AS,ASM,OC,43,49,28,38,58,48,37,53,33,32,28,42,26,58,25,26,25,23,26,23
"Andorra",AD,AND,EU,85,45,59,47,59,92,98,102,129,124,91,79,77,68,63,81,78,74,79,124
"Angola",AO,AGO,AF,59,80,185,214,107,64,145,144,114,69,140,143,134,109,140,133,140,151,131,132
"Antigua and Barbuda",AG,ATG,NA,91,50,85,97,69,53,142,68,78,67,59,60,83,85,65,58,83,57,61,65
"Azerbaijan",AZ,AZE,AS,136,128,120,204,135,139,111,133,133,141,125,146,206,118,151,145,145,155,152,120
"Argentina",AR,ARG,SA,156,224,197,169,176,192,205,181,157,201,167,169,168,180,173,198,187,193,192,190
"Australia",AU,AUS,OC,198,220,229,235,212,206,198,200,195,209,220,215,222,220,209,215,225,219,213,218
"Austria",AT,AUT,EU,213,214,200,177,221,217,218,220,215,217,219,218,210,204,217,216,221,214,210,224
"Bahamas",BS,BHS,NA,62,79,65,109,89,128,171,76,74,151,88,92,110,156,93,85,181,98,97,128
"Bahrain",BH,BHR,AS,147,117,164,187,188,151,144,150,141,137,136,139,187,131,148,136,154,158,153,135
"Bangladesh",BD,BGD,AS,234,149,99,80,121,138,149,161,145,147,217,190,190,190,197,186,161,186,179,182
"Armenia",AM,ARM,AS,145,127,161,143,149,108,116,146,117,95,113,113,147,114,104,104,106,115,119,150
"Barbados",BB,BRB,NA,100,82,87,88,95,112,135,126,123,101,71,81,84,92,69,74,79,81,74,92
"Belgium",BE,BEL,EU,225,229,227,217,230,235,227,221,211,229,225,228,228,225,226,235,231,220,211,229
"Belgium-Luxembourg",BE,BEL,EU,230,230,237,216,233,232,232,225,221,233,229,231,236,229,231,232,232,226,221,230
"Bermuda",BM,BMU,NA,71,44,53,74,44,42,166,77,64,113,66,66,72,70,62,62,95,70,75,179
"Bhutan",BT,BTN,AS,37,51,37,86,127,83,58,50,68,68,60,53,53,76,79,61,61,60,69,47
"Bolivia (Plurinational State of)",BO,BOL,SA,109,147,192,171,144,126,75,85,106,85,109,106,103,94,136,131,138,138,130,153
"Bosnia Herzegovina",BA,BIH,EU,178,139,106,129,167,158,155,176,170,176,151,148,135,138,154,148,125,144,139,131
"Botswana",BW,BWA,AF,106,81,208,84,98,117,120,120,155,143,103,112,197,123,109,103,122,108,117,109
"Brazil",BR,BRA,SA,204,234,212,228,216,207,216,207,196,214,203,202,203,218,208,223,217,211,212,204
"Belize",BZ,BLZ,NA,95,96,68,76,73,76,92,78,53,62,82,69,63,81,72,69,67,64,60,62
"Br. Indian Ocean Terr.",IO,IOT,AS,28,31,30,92,28,35,44,34,37,18,21,24,16,33,20,25,15,38,15,34
"Solomon Isds",SB,SLB,OC,44,120,64,87,38,41,43,26,45,74,47,49,40,57,54,47,44,55,56,49
"Br. Virgin Isds",VG,VGB,NA,81,29,92,56,64,75,157,83,122,152,54,46,81,61,49,53,139,52,52,70
"Brunei Darussalam",BN,BRN,AS,103,53,89,185,114,133,125,149,127,77,85,94,109,142,121,96,101,133,96,89
"Bulgaria",BG,BGR,EU,194,182,177,173,195,187,189,195,197,192,180,176,163,192,184,181,170,173,184,168
"Myanmar",MM,MMR,AS,210,176,132,188,166,154,153,168,162,115,187,174,158,166,174,171,160,167,172,154
"Burundi",BI,BDI,AF,61,78,111,70,81,55,63,56,41,53,74,59,50,79,73,73,55,54,53,108
"Belarus",BY,BLR,EU,189,187,160,190,182,195,195,188,181,177,166,175,160,200,182,176,166,174,169,163
"Cambodia",KH,KHM,AS,222,170,201,78,141,150,168,159,175,130,198,171,204,167,169,158,157,163,162,158
"Cameroon",CM,CMR,AF,123,158,142,159,116,106,133,116,113,110,123,123,115,108,120,119,133,114,123,105
"Canada",CA,CAN,NA,214,232,226,234,229,223,231,222,210,226,229,229,225,223,227,229,233,229,223,231
"Cabo Verde",CV,CPV,AF,97,72,54,49,65,47,51,60,59,28,58,70,69,73,68,63,63,61,63,60
"Cayman Isds",KY,CYM,NA,64,38,78,51,66,62,187,80,111,146,65,65,138,74,67,60,168,77,66,87
"Central African Rep.",CF,CAF,AF,70,67,82,37,33,38,61,33,43,50,45,38,32,55,39,55,40,47,46,76
"Sri Lanka",LK,LKA,AS,207,162,150,91,123,164,163,171,165,168,179,152,183,152,156,152,152,153,154,141
"Chad",TD,TCD,AF,66,68,127,137,23,32,33,39,51,16,68,50,66,37,76,80,71,78,81,61
"Chile",CL,CHL,SA,160,215,171,208,218,186,172,178,168,175,201,192,175,203,188,189,195,195,193,189
"China",CN,CHN,AS,238,237,237,225,238,236,233,238,238,236,231,237,232,238,236,237,235,237,236,234
"Christmas Isds",CX,CXR,AS,25,19,20,62,25,74,17,37,30,30,19,17,18,25,21,21,22,18,20,29
"Cocos Isds",CC,CCK,AS,36,18,34,86,24,44,16,47,36,35,18,14,30,15,15,15,18,15,16,19
"Colombia",CO,COL,SA,168,192,189,209,172,183,173,174,172,184,182,189,170,173,185,197,188,191,190,186
"Comoros",KM,COM,AF,49,57,41,28,47,86,88,88,80,29,53,54,55,39,51,44,42,39,50,35
"Mayotte",YT,MYT,AF,0,0,0,0,0,0,0,0,0,0,0,0,0,0,0,0,0,0,0,0
"Congo",CG,COG,AF,90,119,98,189,184,87,159,137,107,120,97,100,93,67,91,89,111,97,87,82
"Dem. Rep. of the Congo",CD,COD,AF,78,87,130,147,198,119,84,101,69,144,115,125,117,104,134,142,109,143,132,125
"Cook Isds",CK,COK,OC,30,52,63,18,26,29,86,41,28,61,32,33,38,40,35,35,53,30,37,33
"Costa Rica",CR,CRI,NA,138,179,121,83,151,167,146,194,178,157,142,151,142,146,153,163,135,161,163,156
"Croatia",HR,HRV,EU,182,173,149,153,173,175,190,187,186,185,177,177,161,177,170,174,167,170,166,169
"Cuba",CU,CUB,NA,51,125,77,104,133,102,64,52,60,138,96,134,104,62,122,117,97,131,122,117
"Cyprus",CY,CYP,AS,121,129,104,133,122,153,184,160,161,155,133,141,143,157,131,140,164,137,137,140
"Czechoslovakia",CS,CSK,EU,0,0,0,0,0,0,0,0,0,0,0,0,0,0,0,0,0,0,0,0
"Czechia",CZ,CZE,EU,218,206,203,175,217,212,226,224,224,221,212,204,205,197,216,211,215,218,221,215
"Benin",BJ,BEN,AF,153,101,124,121,120,80,89,84,92,89,124,138,92,96,103,101,115,83,113,77
"Denmark",DK,DNK,EU,211,213,172,176,201,215,199,209,205,212,210,208,194,195,200,203,202,203,202,210
"Dominica",DM,DMA,NA,77,32,45,54,60,79,40,100,95,48,41,37,47,89,44,48,50,43,48,44
"Dominican Rep.",DO,DOM,NA,174,163,187,108,155,159,114,184,183,121,156,165,182,162,150,153,147,160,161,157
"Ecuador",EC,ECU,SA,131,199,133,193,147,137,137,143,150,148,147,159,150,179,162,169,156,166,157,165
"El Salvador",SV,SLV,NA,192,148,100,105,140,155,103,134,171,170,161,150,122,144,141,149,116,128,145,142
"Equatorial Guinea",GQ,GNQ,AF,27,92,66,172,83,135,54,71,46,24,62,67,68,36,77,65,59,84,71,56
"Fmr Ethiopia",ET,ETH,AF,0,0,0,0,0,0,0,0,0,0,0,0,0,0,0,0,0,0,0,0
"Ethiopia",ET,ETH,AF,151,156,129,114,53,81,95,147,140,100,134,105,123,78,142,143,148,157,151,151
"Estonia",EE,EST,EU,179,171,139,155,169,170,185,189,191,190,154,162,155,154,163,165,158,165,170,137
"Falkland Isds (Malvinas)",FK,FLK,SA,101,98,29,24,27,15,27,32,24,17,27,25,31,32,33,34,30,41,33,27
"Fiji",FJ,FJI,OC,120,121,96,96,101,99,122,107,137,171,92,87,79,111,85,86,108,86,89,107
"Finland",FI,FIN,EU,172,209,176,191,207,202,208,206,203,193,189,191,180,206,199,192,194,197,197,194
"France",FR,FRA,EU,228,233,223,205,231,234,234,229,227,233,236,232,230,229,235,234,236,235,226,232
"French Polynesia",PF,PYF,OC,31,63,105,35,42,60,81,63,73,93,72,82,59,65,71,77,81,82,80,80
"Fr. South Antarctic Terr.",FQ,ATF,SP,40,37,44,20,15,37,20,30,16,19,20,21,20,16,23,17,23,24,17,26
"Djibouti",DJ,DJI,AF,46,75,47,59,48,98,55,61,54,36,135,108,131,102,135,124,92,91,105,81
"Gabon",GA,GAB,AF,54,122,88,181,110,85,127,92,76,133,81,90,88,56,94,88,85,99,93,79
"Georgia",GE,GEO,AS,142,135,119,135,153,145,174,153,142,122,127,136,141,148,133,138,146,139,134,113
"Gambia",GM,GMB,AF,72,85,58,67,78,57,56,46,25,80,110,88,87,69,82,71,60,58,70,67
"State of Palestine",PS,PSE,AS,89,73,80,55,94,77,23,28,35,56,46,77,61,60,61,70,70,62,65,45
"Germany",DE,DEU,EU,236,236,232,213,237,238,238,237,234,235,237,236,231,232,237,236,237,236,235,236
"Fmr Dem. Rep. of Germany",DD,DDR,EU,0,0,0,0,0,0,0,0,0,0,0,0,0,0,0,0,0,0,0,0
"Fmr Fed. Rep. of Germany",DE,DEU,EU,0,0,0,0,0,0,0,0,0,0,0,0,0,0,0,0,0,0,0,0
"Ghana",GH,GHA,AF,133,174,218,180,139,144,130,130,118,150,152,160,145,127,180,157,171,154,149,180
"Gibraltar",GI,GIB,EU,65,33,55,63,74,50,143,58,55,87,61,61,62,188,59,72,142,65,62,71
"Kiribati",KI,KIR,OC,23,74,18,39,37,22,74,29,17,23,34,31,24,30,29,31,32,29,32,36
"Greece",GR,GRC,EU,191,190,148,197,192,191,162,192,185,197,197,197,174,210,191,196,178,182,180,201
"Greenland",GL,GRL,NA,42,141,56,53,41,24,106,43,34,92,67,64,56,71,64,56,89,66,55,58
"Grenada",GD,GRD,NA,34,55,42,21,45,51,36,36,18,45,40,44,43,28,41,43,58,42,45,57
"Guam",GU,GUM,OC,39,28,52,48,79,54,38,70,93,37,55,62,54,106,50,50,56,53,67,40
"Guatemala",GT,GTM,NA,183,183,112,128,158,169,126,155,143,172,162,167,137,163,159,168,149,152,160,172
"Guinea",GN,GIN,AF,83,86,198,163,97,125,72,79,63,55,112,110,116,87,113,102,118,110,111,102
"Guyana",GY,GUY,SA,87,111,166,119,118,124,191,170,149,90,80,75,75,97,111,95,165,122,86,83
"Haiti",HT,HTI,NA,171,77,57,52,91,114,68,69,83,99,111,107,76,88,89,82,66,73,84,114
"Honduras",HN,HND,NA,195,167,110,106,134,134,124,123,169,156,175,144,120,143,137,151,113,129,147,144
"China, Hong Kong SAR",HK,HKG,AS,208,195,231,127,193,193,188,212,223,222,222,225,234,211,204,210,204,231,237,235
"Hungary",HU,HUN,EU,196,202,188,168,197,209,217,214,220,207,193,196,189,196,207,205,211,206,214,196
"Iceland",IS,ISL,EU,108,165,69,98,181,121,156,165,146,140,114,114,100,113,119,134,130,127,142,116
"Indonesia",ID,IDN,AS,226,228,215,218,213,211,211,201,207,188,213,219,208,217,218,212,199,212,209,197
"Iran",IR,IRN,AS,140,160,125,201,177,188,121,148,119,165,173,200,165,95,160,184,141,180,181,171
"Iraq",IQ,IRQ,AS,76,110,195,232,111,94,59,82,97,108,185,198,209,170,181,177,180,185,195,173
"Ireland",IE,IRL,EU,170,210,152,149,170,233,193,216,216,210,195,203,188,186,183,208,206,204,194,213
"Israel",IL,ISR,AS,176,166,220,156,179,204,186,203,204,205,191,193,220,181,193,191,200,198,198,208
"Italy",IT,ITA,EU,235,231,228,203,234,229,228,234,222,228,233,231,227,230,234,232,232,227,222,225
"Côte d'Ivoire",CI,CIV,AF,154,189,170,160,105,171,158,142,120,132,120,153,125,151,146,147,123,145,140,129
"Jamaica",JM,JAM,NA,92,108,75,120,96,163,79,108,109,97,104,128,119,130,115,114,112,117,108,138
"Japan",JP,JPN,AS,216,203,225,202,235,230,236,235,233,234,234,235,226,236,231,230,224,233,233,226
"Kazakhstan",KZ,KAZ,AS,141,168,158,221,203,179,170,166,160,128,186,179,184,158,192,179,175,192,187,176
"Jordan",JO,JOR,AS,188,145,136,131,148,181,132,162,158,159,171,172,172,168,161,159,163,159,158,162
"Kenya",KE,KEN,AF,159,169,109,130,136,148,141,156,147,178,163,157,149,165,165,160,153,156,155,170
"Dem. People's Rep. of Korea",KP,PRK,AS,112,41,71,79,104,101,108,138,105,81,137,109,108,53,26,105,17,75,28,41
"Rep. of Korea",KR,KOR,AS,220,201,211,222,233,228,232,230,235,223,226,227,221,234,232,224,220,228,232,227
"Kuwait",KW,KWT,AS,129,118,128,226,150,184,197,169,159,136,172,180,192,140,187,173,182,175,177,166
"Kyrgyzstan",KG,KGZ,AS,134,99,180,118,125,120,136,131,121,106,184,131,132,119,129,116,96,119,126,103
"Lao People's Dem. Rep.",LA,LAO,AS,155,153,131,157,152,152,96,135,174,119,105,130,129,126,144,125,119,126,138,88
"Lebanon",LB,LBN,AS,125,131,184,65,143,140,94,172,153,186,145,158,191,164,139,156,143,148,148,178
"Lesotho",LS,LSO,AF,158,62,146,57,52,63,50,97,136,58,100,85,57,83,70,75,62,67,73,78
"Latvia",LV,LVA,EU,167,180,141,141,168,172,178,182,187,198,150,170,154,176,158,161,155,162,165,146
"Liberia",LR,LBR,AF,63,69,118,115,82,127,181,72,71,96,75,73,58,132,97,76,191,105,82,54
"Libya",LY,LBY,AF,79,61,173,211,137,111,53,90,49,72,158,161,173,153,138,146,151,147,159,167
"Lithuania",LT,LTU,EU,197,191,156,174,175,194,192,193,189,195,168,183,162,178,168,180,172,172,171,160
"Luxembourg",LU,LUX,EU,166,157,154,103,191,182,183,190,182,180,155,163,164,159,176,172,177,168,167,205
"China, Macao SAR",MO,MAC,AS,130,89,114,61,109,123,113,157,166,163,144,149,179,120,105,112,131,149,129,152
"Madagascar",MG,MDG,AF,161,140,134,107,156,122,90,122,90,142,132,101,96,115,95,98,88,93,95,122
"Malawi",MW,MWI,AF,110,133,84,45,80,84,91,91,108,65,86,80,80,86,90,111,77,95,90,200
"Malaysia",MY,MYS,AS,209,217,209,219,215,216,202,219,231,216,209,217,218,222,219,213,196,209,225,207
"Maldives",MV,MDV,AS,41,94,60,75,72,43,47,57,50,47,87,89,94,98,87,79,69,85,88,97
"Mali",ML,MLI,AF,124,93,206,44,75,88,101,104,101,118,107,98,82,125,88,110,98,92,104,94
"Malta",MT,MLT,EU,135,113,94,134,112,157,165,173,180,206,118,118,124,185,101,132,174,130,143,133
"Mauritania",MR,MRT,AF,74,154,157,154,87,100,46,65,70,41,126,115,102,80,110,93,114,101,106,84
"Mauritius",MU,MUS,AF,163,130,113,102,102,136,140,151,151,161,121,122,133,129,108,107,124,112,112,118
"Mexico",MX,MEX,NA,224,223,217,216,220,213,235,233,230,215,221,226,211,224,230,226,229,230,234,221
"Other Asia, nes",N/A,N/A,AS,219,193,204,196,227,221,212,228,236,220,199,213,215,226,220,218,205,224,228,228
"Mongolia",MN,MNG,AS,149,91,169,186,119,70,134,119,85,98,94,103,118,134,127,106,144,132,110,95
"Rep. of Moldova",MD,MDA,EU,162,143,97,71,132,129,115,139,176,105,119,117,126,112,126,127,100,118,133,111
"Montenegro",ME,MNE,EU,82,71,72,95,124,107,118,112,102,112,99,99,106,93,99,94,90,87,91,98
"Montserrat",MS,MSR,NA,56,21,19,58,43,23,30,35,40,20,16,18,19,22,18,16,19,16,22,17
"Morocco",MA,MAR,AF,205,186,137,152,159,190,203,175,202,164,188,186,181,193,189,182,189,181,189,188
"Mozambique",MZ,MOZ,AF,118,142,140,162,164,104,66,95,99,169,128,137,130,175,145,141,110,134,125,145
"Oman",OM,OMN,AS,117,132,153,212,187,185,176,152,167,129,160,168,196,155,177,167,183,176,174,187
"Namibia",NA,NAM,AF,98,144,182,140,174,149,161,136,134,135,106,116,139,137,164,120,129,121,107,119
"Nauru",NR,NRU,OC,58,46,24,64,31,40,35,45,79,33,23,26,22,48,24,23,27,28,25,32
"Nepal",NP,NPL,AS,150,109,74,40,106,118,49,99,75,126,141,129,166,150,157,128,128,136,144,130
"Netherlands",NL,NLD,EU,227,235,202,231,228,231,224,232,228,232,230,233,216,233,233,233,228,234,229,230
"Neth. Antilles",AN,ANT,NA,110,119,167,180,110,123,170,141,135,126,134,129,176,201,113,107,144,126,124,126
"Curaçao",CW,CUW,NA,96,56,117,93,85,103,62,114,98,114,76,68,85,75,57,68,64,69,68,69
"Aruba",AW,ABW,NA,75,36,61,85,77,71,32,64,77,76,69,72,98,77,58,67,49,71,76,66
"Saint Maarten",SX,SXM,NA,68,25,70,41,50,46,73,44,42,75,57,57,152,29,52,54,57,63,54,52
"Bonaire",BQ,BES,NA,17,16,16,82,19,18,18,38,29,22,38,30,41,90,38,37,28,31,35,39
"New Caledonia",NC,NCL,OC,57,39,48,124,165,89,80,86,94,73,77,78,67,99,83,87,105,90,92,91
"Vanuatu",VU,VUT,OC,38,84,21,31,35,36,112,23,58,109,49,45,42,35,46,42,46,46,44,50
"New Zealand",NZ,NZL,OC,164,218,151,138,171,174,164,191,177,187,178,182,176,174,167,178,190,189,178,193
"Nicaragua",NI,NIC,NA,177,164,163,69,103,116,93,118,173,91,153,126,99,122,112,130,73,100,124,127
"Niger",NE,NER,AF,69,97,144,89,62,113,67,75,66,103,79,84,48,64,81,83,76,80,83,59
"Nigeria",NG,NGA,AF,115,161,138,227,183,143,196,124,126,160,190,185,199,201,186,187,179,183,188,217
"Niue",NU,NIU,OC,29,17,38,17,17,28,129,31,19,31,17,19,17,18,17,19,29,25,19,20
"Norfolk Isds",NF,NFK,OC,16,22,36,33,22,45,21,25,14,44,30,20,25,19,19,18,20,21,18,18
"Norway",NO,NOR,EU,165,207,167,229,205,200,201,199,192,194,204,199,195,194,203,194,212,202,200,211
"N. Mariana Isds",MP,MNP,OC,19,15,22,26,61,25,15,22,21,15,35,41,46,45,31,24,39,37,30,25
"FS Micronesia",FM,FSM,OC,24,83,0,30,30,21,24,17,22,40,37,36,27,23,36,33,33,36,39,48
"Marshall Isds",MH,MHL,OC,67,76,39,72,68,82,177,81,131,60,39,35,33,121,74,52,193,104,59,37
"Palau",PW,PLW,OC,15,43,33,34,34,26,39,66,81,38,29,29,35,34,34,29,31,32,34,30
"Pakistan",PK,PAK,AS,221,184,123,145,162,161,160,180,144,167,192,184,159,207,196,188,159,179,186,177
"Panama",PA,PAN,NA,139,137,122,151,128,146,169,158,163,162,170,156,156,202,149,170,203,169,164,159
"Papua New Guinea",PG,PNG,OC,60,155,196,183,154,78,107,109,112,116,93,102,86,110,117,97,93,125,102,112
"Paraguay",PY,PRY,SA,143,178,91,148,113,132,99,121,164,78,130,124,121,100,130,154,134,150,168,121
"Peru",PE,PER,SA,175,197,214,207,189,168,139,164,154,181,181,181,167,184,178,185,176,184,183,184
"Philippines",PH,PHL,AS,193,194,190,167,186,178,194,210,226,179,208,207,198,212,205,200,207,205,216,198
"Pitcairn",PN,PCN,OC,45,20,23,42,14,19,19,19,23,54,14,15,14,20,16,14,14,14,14,16
"Poland",PL,POL,EU,230,227,213,184,224,219,225,223,219,230,227,223,214,215,225,221,226,221,219,219
"Portugal",PT,PRT,EU,217,204,194,170,194,201,210,198,201,191,205,205,185,199,198,202,210,196,199,195
"Guinea-Bissau",GW,GNB,AF,55,88,101,60,36,33,26,27,20,26,43,56,44,50,47,46,38,33,42,43
"Timor-Leste",TL,TLS,AS,32,54,25,94,57,31,41,42,47,42,51,58,51,59,60,57,54,51,51,46
"Qatar",QA,QAT,AS,104,59,147,230,178,189,167,154,138,123,165,164,202,147,171,166,192,188,182,183
"Romania",RO,ROU,EU,212,196,165,166,200,197,215,204,212,199,207,201,193,191,206,204,197,200,203,191
"Russian Federation",RU,RUS,EU,186,222,224,238,232,218,207,202,200,225,224,222,207,187,214,222,227,222,215,214
"Rwanda",RW,RWA,AF,111,112,143,113,92,90,104,94,124,104,95,91,148,101,92,92,68,88,98,106
"Saint Barthélemy",BL,BLM,NA,53,24,31,43,39,61,42,18,56,52,56,34,52,27,42,36,37,44,40,38
"Saint Helena",SH,SHN,AF,48,48,36,19,29,39,22,55,72,66,22,23,23,21,28,27,24,22,27,22
"Saint Kitts and Nevis",KN,KNA,NA,26,30,35,29,40,27,69,89,135,34,42,40,71,51,43,41,47,48,49,73
"Anguilla",AI,AIA,NA,33,23,26,32,63,93,97,40,62,51,31,47,34,41,30,32,34,27,31,31
"Saint Lucia",LC,LCA,NA,94,64,73,77,67,66,65,96,103,79,52,63,60,135,53,59,48,56,57,72
"Saint Pierre and Miquelon",PM,SPM,NA,18,34,17,27,21,17,14,24,26,25,24,27,29,14,27,30,26,26,29,28
"Saint Vincent and the Grenadines",VC,VCT,NA,50,58,46,90,70,52,128,59,57,158,48,51,64,46,48,49,51,50,47,64
"San Marino",SM,SMR,EU,107,47,67,25,71,95,82,127,89,86,70,32,45,44,56,45,41,45,41,34
"Sao Tome and Principe",ST,STP,AF,35,35,32,0,49,34,60,87,32,59,33,39,36,43,37,38,36,34,36,68
"Saudi Arabia",SA,SAU,AS,157,175,183,236,196,220,154,177,179,182,215,220,219,182,212,206,223,207,205,202
"Senegal",SN,SEN,AF,126,146,162,146,129,147,131,125,125,127,146,142,140,161,147,129,136,135,141,110
"Serbia",RS,SRB,EU,187,177,135,136,185,180,182,186,194,189,164,166,157,172,175,175,162,171,176,164
"Seychelles",SC,SYC,AF,73,116,62,111,76,65,150,98,86,70,63,71,73,84,75,64,104,72,72,55
"Sierra Leone",SL,SLE,AF,93,90,107,116,90,72,76,106,110,71,73,76,70,49,80,78,65,68,78,96
"Europe EFTA, nes",N/A,N/A,EU,0,0,0,0,0,0,0,0,0,0,0,0,0,0,0,0,0,0,0,0
"India",IN,IND,AS,233,225,234,223,225,226,219,215,214,218,216,221,235,235,228,228,214,225,224,216
"Singapore",SG,SGP,AS,184,208,221,224,199,225,209,226,229,219,202,206,229,231,210,217,222,226,231,220
"Slovakia",SK,SVK,EU,201,181,175,164,204,198,223,205,213,204,200,188,186,189,201,195,209,199,204,192
"Viet Nam",VN,VNM,AS,237,219,205,182,211,205,200,213,232,196,228,224,212,214,222,219,201,217,230,206
"Slovenia",SI,SVN,EU,190,172,159,158,190,203,206,196,198,203,176,178,169,169,194,190,186,177,185,181
"Somalia",SO,SOM,AF,86,95,115,50,56,67,34,20,61,27,117,135,101,42,98,91,75,79,100,63
"South Africa",ZA,ZAF,AF,181,200,230,210,209,199,214,197,188,208,196,194,213,209,195,201,198,201,201,209
"So. African Customs Union",ZA,ZAF,AF,190,204,231,214,216,204,209,203,200,203,196,201,213,211,197,206,207,209,204,211
"Zimbabwe",ZW,ZWE,AF,119,136,193,123,145,91,100,113,116,173,83,93,107,141,102,126,94,113,94,115
"Spain",ES,ESP,EU,229,230,216,206,226,224,229,218,217,224,232,230,217,227,224,227,230,223,218,222
"South Sudan",SS,SSD,AF,22,65,93,150,18,16,28,16,15,21,64,52,39,24,55,66,74,59,64,104
"Sudan",SD,SDN,AF,127,152,174,132,99,69,110,111,65,63,149,140,151,63,125,139,107,124,127,161
"Fmr Sudan",SD,SDN,AF,150,154,123,99,103,79,90,106,90,107,109,143,117,125,141,140,121,130,131,109
"Suriname",SR,SUR,SA,84,105,191,99,88,73,78,103,91,64,78,74,74,72,84,84,82,94,85,75
"Swaziland",SZ,SWZ,AF,144,124,178,81,84,162,109,129,115,149,98,83,112,91,78,90,72,76,77,101
"Sweden",SE,SWE,EU,206,216,186,199,214,214,220,217,209,211,211,209,201,213,211,209,218,208,208,212
"Switzerland",CH,CHE,EU,203,198,238,165,206,232,204,227,208,231,223,210,238,208,215,225,216,215,206,233
"Syria",SY,SYR,AS,114,115,83,68,86,96,45,62,67,111,116,145,114,82,118,121,84,102,128,174
"Tajikistan",TJ,TJK,AS,128,66,116,110,131,68,57,49,44,94,122,104,111,103,114,100,91,96,101,85
"Thailand",TH,THA,AS,215,226,222,194,210,222,221,225,225,200,206,214,223,221,223,214,208,216,220,203
"Togo",TG,TGO,AF,132,107,86,142,115,130,138,110,96,84,143,120,95,183,107,108,120,89,120,86
"Tokelau",TK,TKL,OC,88,26,51,46,46,49,48,73,31,43,15,16,15,17,14,22,16,17,24,15
"Tonga",TO,TON,OC,20,42,27,23,32,30,25,21,38,107,36,43,37,47,40,39,35,35,43,53
"Trinidad and Tobago",TT,TTO,NA,105,106,76,178,157,177,148,163,128,166,89,111,97,139,124,109,132,146,109,126
"United Arab Emirates",AE,ARE,AS,202,205,235,233,219,208,213,208,218,227,218,216,233,216,213,207,219,213,217,223
"Tunisia",TN,TUN,AF,200,159,108,144,160,166,180,183,199,154,169,155,136,171,166,164,150,164,175,139
"Turkey",TR,TUR,AS,231,212,219,200,223,210,222,211,206,213,214,211,224,219,221,220,213,210,207,199
"Turkmenistan",TM,TKM,AS,146,70,79,192,51,131,105,115,84,83,84,86,105,52,123,99,87,116,103,74
"Turks and Caicos Isds",TC,TCA,NA,47,27,50,36,55,58,29,54,52,39,44,48,65,38,45,40,45,40,38,42
"Tuvalu",TV,TUV,OC,21,40,43,16,20,14,85,14,27,49,25,22,28,31,32,20,43,19,21,24
"Uganda",UG,UGA,AF,113,138,181,73,93,110,70,67,82,117,101,95,89,66,106,123,102,106,114,148
"Ukraine",UA,UKR,EU,180,211,145,179,208,176,179,185,193,183,183,187,178,198,179,193,184,190,191,175
"TFYR of Macedonia",MK,MKD,EU,169,126,102,126,161,173,175,179,184,145,138,119,200,128,143,137,103,123,150,100
"Fmr USSR",SU,SUN,EU,0,0,0,0,0,0,0,0,0,0,0,0,0,0,0,0,0,0,0,0
"Egypt",EG,EGY,AF,199,185,199,195,180,196,147,167,190,202,194,212,177,205,202,199,185,194,196,185
"United Kingdom",GB,GBR,EU,223,221,233,220,222,227,230,231,221,237,235,234,237,228,229,231,234,232,227,237
"United Rep. of Tanzania",TZ,TZA,AF,137,151,179,117,138,115,102,105,100,125,157,127,144,145,155,150,137,142,146,136
"USA",US,USA,NA,232,238,236,237,236,237,237,236,237,238,238,238,236,237,238,238,238,238,238,238
"US Misc. Pacific Isds",N/A,N/A,N/A,89,104,79,106,102,81,98,118,133,141,132,111,120,156,99,85,97,103,91,94
"Burkina Faso",BF,BFA,AF,152,102,207,112,130,97,123,117,88,82,90,97,78,116,96,113,99,107,99,90
"Uruguay",UY,URY,SA,148,188,95,100,117,160,151,141,148,139,131,132,113,149,116,155,127,140,135,147
"Uzbekistan",UZ,UZB,AS,185,150,210,161,163,156,152,132,156,131,148,154,153,133,172,162,169,178,156,134
"Venezuela",VE,VEN,SA,99,114,126,198,146,142,71,93,132,153,108,133,90,124,86,122,80,120,116,155
"Wallis and Futuna Isds",WF,WLF,OC,14,14,49,22,16,20,31,15,48,14,26,28,21,26,22,28,21,20,23,21
"Samoa",WS,WSM,OC,80,60,40,66,54,56,52,48,104,46,50,55,49,54,66,51,52,49,58,51
"Yemen",YE,YEM,AS,52,100,103,139,108,105,83,51,39,57,159,173,128,117,152,135,117,109,118,93
"Serbia and Montenegro",CS,SCG,EU,96,121,109,88,134,130,117,139,146,143,81,113,79,112,81,130,59,82,58,73
"Zambia",ZM,ZMB,AF,116,123,155,125,202,141,119,145,139,174,102,96,146,136,132,144,121,141,121,143
