country,exp0,exp1,exp2,exp3,exp4,exp5,exp6,exp7,exp8,exp9,imp0,imp1,imp2,imp3,imp4,imp5,imp6,imp7,imp8,imp9
Afghanistan, 83210.31, 963091.1599999997, 1009856.6980000001, 127771.553, 34452.812999999995, 3484.418000000001, 5836.590999999999, 6381.1900000000005, 4117.195000000001, 1414.815, 679887.5899999996, 2377587.3899999997, 60676.901000000005, 605179.9040000001, 276752.573, 784768.7519999997, 789422.8679999999, 630390.0250000001, 702927.7109999999, 12140.553000000002
Albania, 1296376.8530000001, 378648.35199999996, 20165.163999999993, 411385.46300000005, 307020.729, 53211.48000000005, 31138.809000000012, 63396.60999999997, 102440.05500000001, 5073.797, 853760.9280000001, 1262825.9080000005, 182989.7589999999, 565897.9010000001, 511888.84500000003, 749432.9980000003, 288878.335, 547334.4599999996, 393726.1330000002, 26913.486000000004
Algeria, 16366.755, 382014.35099999997, 37284.045999999995, 31167755.861999996, 143717.61, 1315202.5199999998, 7572.583999999998, 106998.19500000002, 34561.329, 771.352, 2623261.047, 8994347.441, 631229.872, 2676297.018999999, 4138713.317000002, 6348289.551999999, 3846675.536, 7359901.143, 2866021.184999999, 48210.53900000002
American Samoa, 552.477, 15747.653, 43.56199999999999, 84.70499999999998, 2226.1760000000004, 1233.0439999999999, 499.14300000000003, 2814.682, 377.78, 18.677, 4687.081, 63279.90400000001, 512.872, 87370.106, 2907.215999999999, 3797.6410000000005, 3856.0739999999996, 6458.419, 2698.615, 84.16500000000002
Andorra, 3705.3709999999974, 14035.774999999994, 1301.6490000000001, 650.326, 2452.566, 23492.374, 12605.371999999996, 16132.407999999998, 32505.816000000006, 3897.4449999999997, 177977.94999999998, 379801.121, 32403.683, 131576.076, 46698.19500000001, 226418.85799999986, 192443.62700000004, 158143.28800000006, 97436.58600000001, 27784.535
Angola, 1113.4980000000003, 115740.96399999999, 1782545.7719999999, 30620135.28000001, 60496.27500000001, 4920.55, 133472.72900000002, 126623.40199999999, 12330.525000000005, 227.16299999999993, 857386.1599999999, 2299396.1129999985, 222570.996, 625751.375, 748850.8819999999, 1269124.1219999995, 1182268.274, 1653066.1240000008, 629848.8550000001, 35925.492999999995
Antigua and Barbuda, 5429.273, 16455.641, 22726.986000000004, 99631.32100000001, 4657.851000000001, 2511.936, 118618.55799999999, 4980.335, 2960.581, 196.025, 47706.508, 163517.29600000003, 40492.329, 251381.54000000004, 52316.973000000005, 60613.16500000001, 247020.54600000006, 74264.76100000003, 51111.32999999999, 3475.33
Azerbaijan, 200685.56800000003, 796183.5579999998, 185583.34600000005, 17877453.088, 258611.4609999999, 298251.894, 22385.818999999996, 81440.82200000001, 36317.456, 6557.439999999999, 658197.2920000001, 2352758.6480000005, 3172700.873, 780333.8700000002, 1146508.4200000002, 1620856.4900000002, 1242455.4030000002, 2068300.5910000007, 1159977.9259999995, 25820.02899999999
Argentina, 522161.9789999998, 41679668.827, 2767403.178, 3488586.5069999993, 1961985.111, 5503699.908000001, 6417967.915, 1262977.0970000005, 176349.57100000003, 170319.33499999996, 2063461.196, 4282183.597000001, 585837.084, 4936309.708, 2632686.5180000006, 11480670.502, 6211136.074000001, 9494826.478000006, 5974185.972000003, 170577.90499999994
Australia, 4189993.58, 35899318.415000014, 27249606.11399999, 172202981.38900003, 14263005.281000003, 14764856.712000001, 3527291.088000001, 8282011.0540000005, 3165595.0150000006, 285820.5569999999, 16303523.473000005, 21211272.820999995, 8966184.284999998, 26815765.601999998, 10674016.948999995, 28143930.401000004, 31812307.05499999, 41542126.30699997, 22335775.036999993, 962828.7570000002
Austria, 9070802.035999998, 25064970.11599999, 3856680.2479999964, 4578357.228000002, 22622739.972000018, 28097679.348999992, 23293601.40499999, 37637877.29800001, 16644765.690999987, 671876.8800000004, 15729645.713, 21613879.96500001, 4194885.052999999, 10948333.490999987, 18607504.224, 28959690.055999994, 21762139.588999994, 31575384.703000017, 20273315.675999995, 1335786.4760000007
Bahamas, 1180.5700000000002, 103026.16200000001, 3489.4579999999996, 246433.91600000003, 17116.165999999997, 159308.02400000003, 669133.6399999999, 7576.312, 2846.995000000001, 9272.889, 164725.695, 544730.0200000003, 115530.88100000002, 2589016.6389999995, 214590.64499999996, 252395.20599999992, 4892957.868, 480670.28300000017, 220997.10700000002, 31045.771000000004
Bahrain, 293261.30199999997, 520456.79200000013, 712872.913, 6942542.957, 3737936.764000001, 673881.5790000001, 132028.633, 168141.17900000003, 58570.51500000001, 5664.212999999999, 816664.3140000001, 1818545.9679999994, 1444940.3429999999, 1314091.8309999998, 999714.7800000004, 1345823.2160000002, 1939624.755, 2218658.599000001, 1300826.0600000003, 38148.356999999996
Bangladesh, 44523887.822, 1616704.025, 67773.569, 36920.236, 123872.87299999996, 297984.12000000005, 173605.292, 266895.686, 73716.295, 7568.458, 13057203.990999999, 8299477.283, 1511036.9100000001, 7326738.518, 5215567.087000001, 6911525.436000001, 2617245.703, 7194196.798000001, 3383017.1330000004, 129883.545
Armenia, 268547.3300000001, 792062.6349999997, 670615.9299999998, 992063.3120000002, 394033.44899999996, 50105.965999999986, 30515.804999999993, 130669.972, 14713.812999999998, 1133.806, 449283.24000000017, 1002345.59, 283711.8239999999, 729507.2030000002, 321746.06499999994, 583219.9139999999, 522874.20700000005, 675644.4809999996, 419809.49999999994, 48290.978999999985
Barbados, 14597.973999999995, 123238.159, 28201.565, 52373.09899999999, 27566.15000000001, 54605.393999999986, 80433.046, 62985.10099999997, 18946.120999999996, 1310.706, 72033.73000000003, 404243.93299999984, 41248.684, 350613.89599999995, 69583.01199999999, 166367.10399999996, 200080.77900000016, 198974.78299999994, 84458.82199999997, 10809.399
Belgium, 20971595.447999995, 54344023.05300002, 23813522.717000004, 38139603.49900002, 31847359.29900001, 132385413.40699995, 51705157.53799998, 42346371.894999996, 13859697.548999999, 2034804.806999999, 22990444.691000007, 50159308.60499999, 19994505.797999997, 47042670.30800002, 27351223.367999993, 108729938.11100005, 51331756.63199998, 49298072.83100001, 21638410.18699999, 1993601.3870000003
Belgium-Luxembourg, 12889489.313999994, 23645061.036999974, 15047982.632999996, 4828967.612999999, 19212137.394000005, 33596823.57199997, 25088673.805999987, 16172625.631999996, 8860070.637999995, 2750459.3239999986, 12691712.92000001, 26915853.902999993, 13061437.555000003, 10079854.216000004, 13490797.812999995, 26972229.86200001, 18478444.966999996, 20712553.099999998, 9468071.535000002, 1581342.9860000014
Bermuda, 1747.6819999999998, 12828.864999999998, 828.846, 28644.609, 1111.0829999999999, 585.1329999999998, 516477.66000000003, 7636.472, 1911.4440000000004, 2209.815, 62454.07700000002, 204917.22199999986, 28302.73400000001, 134461.64, 45822.91799999999, 80470.16100000005, 415259.8690000001, 139817.74800000002, 87779.65900000001, 106785.39400000003
Bhutan, 357.1640000000001, 16808.475000000006, 123.51099999999997, 48869.41300000001, 159928.715, 16774.727999999996, 2180.3830000000007, 2682.2980000000002, 2097.449, 200.745, 48534.705000000016, 135694.73900000003, 14163.318000000005, 190197.496, 108098.21600000006, 75292.11299999998, 87195.03599999996, 88623.95099999996, 69706.27800000002, 1828.828
Bolivia (Plurinational State of), 38746.40100000001, 1560097.526, 2094079.197, 3864344.5140000004, 327386.239, 124979.81199999999, 5505.991000000001, 10064.689000000004, 9500.423, 646.348, 396700.1030000003, 903188.7320000001, 93776.101, 360957.592, 707407.2239999999, 1220227.8780000005, 1125569.0289999996, 1107971.7519999996, 598695.042, 51865.526
Bosnia Herzegovina, 1667977.4260000004, 1137106.85, 99981.67199999996, 649807.8140000001, 1244813.938, 872270.5790000004, 231824.394, 733001.73, 485575.8900000002, 32005.486999999997, 1215882.7650000006, 2421614.2190000014, 234190.32000000007, 1463234.427, 1230247.5260000005, 1768278.0359999996, 787478.689, 1284121.2750000001, 715600.7119999998, 34505.903
Botswana, 21130.281000000003, 116959.27899999995, 4846303.092, 45320.225999999995, 32397.862000000016, 83400.15599999996, 37239.630000000005, 42840.58899999998, 116455.76999999997, 6969.712000000002, 285352.8360000001, 999389.2300000001, 1829018.1630000004, 965615.4950000001, 350235.098, 582806.9479999997, 736596.9060000002, 595636.4770000002, 401996.34199999995, 16997.521
Brazil, 5512846.181000001, 93799344.70599997, 6227122.356999999, 57114171.75499999, 16012581.065, 15483531.439999996, 17292412.201000005, 14516297.048000015, 3594035.445000001, 467711.9529999999, 7346112.984999997, 12745731.2, 2566339.499, 25391299.040000003, 9878749.594999997, 46808985.44600001, 20707686.022999994, 29056101.295000006, 22283543.189000007, 364745.5109999999
Belize, 7638.625, 240805.41999999998, 4545.436, 31758.182999999997, 5130.46, 10370.361999999997, 9390.874000000003, 7774.625, 1178.3190000000002, 150.46300000000002, 118946.59099999999, 274776.53599999985, 20301.629999999997, 215002.70500000002, 77027.09999999999, 134909.02800000005, 110934.97500000002, 119834.12200000003, 45227.50799999999, 3385.772000000001
Br. Indian Ocean Terr., 227.79200000000003, 5210.91, 45.846000000000004, 75177.715, 210.378, 373.101, 738.426, 924.0319999999999, 460.703, 2.926, 857.1289999999999, 9987.796999999999, 74.90100000000001, 18722.862, 1011.5179999999998, 3600.5269999999996, 172.64100000000002, 18844.32600000001, 431.39199999999994, 68.721
Solomon Isds, 555.6300000000001, 578175.859, 2650.758, 51998.55900000001, 615.3, 580.6820000000002, 737.1480000000001, 545.7750000000001, 695.5699999999998, 336.21900000000005, 21278.740000000013, 88649.23500000006, 4819.363000000001, 85982.07500000001, 34994.83899999999, 32763.31799999999, 29426.507, 64917.741000000016, 39745.541999999994, 2109.1770000000006
Br. Virgin Isds, 3108.0699999999997, 4202.102999999999, 41639.863000000005, 1286.9289999999999, 3486.041, 8970.506999999998, 258865.35200000007, 9388.361000000004, 18674.44, 9404.503999999999, 33110.429000000004, 83476.30799999999, 37725.01700000001, 98168.045, 28663.454000000005, 48067.66099999999, 1127881.0620000004, 54481.02799999999, 30733.157000000007, 4815.308
Brunei Darussalam, 16874.897, 20753.421, 36978.965, 6328079.309999999, 96997.31800000004, 257435.91399999996, 45325.712999999996, 166453.81899999993, 29818.887000000006, 369.44800000000004, 152639.40100000004, 553897.7520000002, 113698.85399999999, 1548481.8699999999, 450300.0529999999, 448080.6660000001, 479968.7480000001, 1061917.5910000005, 216821.94899999996, 9610.762000000002
Bulgaria, 3481826.579999999, 6309477.637000002, 1449690.491999998, 4191187.018000001, 4965634.157000005, 4524501.256999999, 1429700.4720000003, 4340267.756999999, 3738533.6389999962, 94902.09400000003, 3008003.611999999, 5089612.740999996, 537139.1659999999, 7490009.2629999975, 3757057.6329999994, 6138693.623, 3030522.621, 4866386.894999999, 3873974.5930000003, 74644.435
Myanmar, 7335397.033000001, 4961908.681, 302744.825, 7008498.758, 1225850.7680000002, 711560.2889999998, 194652.387, 439376.7979999999, 237820.95299999998, 2592.697, 4664133.909, 4872116.709, 500777.56200000027, 3533264.6189999995, 2684261.5679999995, 3969869.3090000013, 2546018.4230000013, 3151055.013000001, 2662130.9110000017, 52231.49899999999
Burundi, 1170.7580000000003, 102262.27299999997, 137709.68300000002, 22482.092999999997, 8939.390000000003, 2844.713, 2911.21, 3539.9359999999997, 574.53, 72.556, 75418.985, 162696.32499999995, 10826.718000000003, 194964.65600000002, 78419.94399999999, 163747.81, 75990.28300000001, 63200.218, 36357.648, 16854.718999999997
Belarus, 2129797.466000001, 7216215.526999993, 625798.0489999996, 7336315.480999998, 2527920.196, 6036406.260000001, 2903887.4910000013, 1998141.771000002, 992996.8420000001, 32675.876, 2006047.5350000008, 4945456.255999998, 528962.317, 9700375.237999998, 3559756.8109999998, 5010348.932, 2774699.7419999987, 4896942.174, 2433379.0479999995, 64330.819999999985
Cambodia, 17501793.470999997, 3701053.241, 3876948.293, 35802.758000000016, 305550.01599999995, 643352.5009999998, 569148.05, 259716.91800000006, 669073.3689999998, 4879.491999999999, 5964511.024999997, 4502810.311000001, 2592500.6350000007, 3546221.108, 2517834.9800000014, 2640910.303000001, 2389476.0920000006, 2523708.005000001, 1645495.122, 57327.349
Cameroon, 86651.055, 1992559.1820000005, 456052.088, 2398410.4659999995, 109279.90599999996, 47985.13799999998, 71535.04599999997, 29889.24999999998, 11658.184999999996, 1970.8200000000002, 631696.8440000004, 1306961.1109999998, 128757.23300000005, 614159.5599999999, 433511.08600000007, 848820.2900000002, 934920.2159999999, 659045.9510000002, 495156.6730000001, 15135.515000000003
Canada, 9440465.541000003, 78521615.75600001, 22286316.501999997, 109840119.05700004, 31071186.12499998, 45977908.52299996, 74409727.19600001, 44331758.93400003, 13540810.528999997, 1273028.948, 27644176.01100001, 50364415.412, 15686550.291999998, 35991869.018, 28528680.36199998, 63643819.56800001, 87738488.16999999, 87090126.36599995, 42946952.341, 3017192.7909999997
Cabo Verde, 10578.26, 71890.393, 837.8550000000001, 807.969, 3501.3109999999992, 1162.7599999999998, 1272.781, 3990.869999999999, 1417.8050000000003, 12.86, 42009.09800000001, 296539.4130000001, 25639.124000000003, 173759.34800000003, 67379.76100000001, 85010.644, 91841.70200000002, 90258.63000000009, 54217.35400000001, 3308.457
Cayman Isds, 1204.7149999999997, 9665.726999999999, 15994.501000000002, 903.377, 3676.1180000000004, 4223.768999999999, 1410428.3549999997, 7891.4, 11078.494999999999, 7442.155000000001, 61141.791000000005, 192316.47199999992, 238110.167, 176096.996, 64875.382000000056, 73830.48800000004, 2912765.8100000005, 161502.7579999999, 61852.091, 9414.272
Central African Rep., 1729.8110000000001, 52165.82099999999, 20546.048, 83.445, 405.73799999999994, 520.012, 2529.484, 830.8970000000002, 649.6199999999998, 55.826, 20660.543, 50183.70300000002, 1884.489, 79551.245, 11477.364999999996, 48302.95000000001, 18122.21, 38602.132, 24572.786999999997, 6494.634999999999
Sri Lanka, 6183379.631999999, 2333299.530999999, 510642.807, 70058.13800000002, 126642.824, 1203457.411, 394069.99000000005, 507856.50799999986, 298507.191, 16593.228000000003, 3000193.9390000026, 2650748.564999999, 1104552.816, 2277693.3570000003, 1365769.0439999998, 2230244.477, 1747391.295, 1947646.0820000006, 1341171.309, 42777.471000000005
Chad, 1538.779, 56907.574000000015, 252421.171, 876593.9199999998, 96.36300000000001, 324.627, 386.154, 1108.6540000000002, 1049.5829999999999, 1.911, 65969.44199999998, 107789.44999999997, 25136.695, 23633.389, 98903.83399999999, 214129.87800000006, 130559.15299999998, 166615.19300000003, 128644.41700000003, 3335.8639999999996
Chile, 629108.409, 25381651.705, 1133656.4959999996, 21224401.395, 16286676.678999998, 4490772.158999999, 734753.5409999999, 818344.4920000001, 331566.7060000001, 31374.01199999999, 6043851.531999996, 8488096.028000006, 806825.1630000002, 10654119.121, 4087223.889999999, 9514313.850999998, 9617567.196000006, 11055361.436000004, 6514559.448000002, 169381.82499999995
China, 407104591.4279999, 143235369.87000018, 65654031.56499999, 49180668.16200001, 187421525.51800004, 243694556.438, 107551559.04699999, 619847982.7870001, 742391796.7950004, 7067626.147999995, 35792483.06100003, 187873580.839, 57127689.458000004, 446365787.9679999, 85534923.90200002, 205654096.424, 92348498.087, 222874386.34300002, 237762691.47000006, 4343690.551999999
Christmas Isds, 209.481, 394.551, 4.14, 7085.6, 113.474, 8173.881, 26.674999999999997, 1066.2960000000003, 313.10900000000004, 15.011, 776.9339999999997, 2371.9720000000007, 143.357, 7425.030000000001, 1363.0949999999996, 1969.741, 2158.229, 3955.1850000000018, 1010.7080000000003, 278.844
Cocos Isds, 327.73299999999995, 366.74700000000007, 75.842, 3007.074, 97.876, 845.253, 19.032999999999998, 2356.1629999999996, 411.048, 22.817999999999998, 703.1369999999998, 259.01300000000003, 891.899, 185.231, 306.06599999999986, 451.077, 811.434, 1808.1459999999995, 443.573, 29.201999999999998
Colombia, 925560.6160000006, 8042576.663000003, 1959594.0439999993, 22613389.441999998, 1493044.7509999997, 3487986.1379999984, 741745.7270000003, 660159.6259999999, 505489.66500000015, 63014.41600000001, 3191379.4739999985, 7883117.486000002, 609544.9530000003, 4300151.102, 3772979.2360000005, 10830758.171000002, 6284110.634000002, 8434755.681, 5639074.837999999, 137621.709
Comoros, 650.8890000000001, 33565.788, 216.70200000000003, 20.399, 1424.6260000000004, 18618.009000000002, 8290.934, 10983.888999999996, 3085.2120000000004, 13.319999999999999, 32625.349000000024, 136642.39400000006, 15308.718999999997, 31420.025999999998, 30436.344, 26968.72500000001, 22081.724, 20343.803000000004, 27966.946, 619.4
Mayotte, 0.0, 0.0, 0.0, 0.0, 0.0, 0.0, 0.0, 0.0, 0.0, 0.0, 0.0, 0.0, 0.0, 0.0, 0.0, 0.0, 0.0, 0.0, 0.0, 0.0
Congo, 5420.262, 534281.2049999997, 64065.00700000001, 7030952.302000002, 2690057.553, 18806.254000000004, 301092.6049999999, 92738.66800000002, 9857.088999999998, 3080.045, 217040.6239999998, 772781.548, 66956.10000000002, 121962.42000000001, 208116.5650000001, 312617.197, 555814.1479999999, 416769.8740000002, 169053.29399999994, 8020.377000000003
Dem. Rep. of the Congo, 2501.5549999999985, 164681.913, 294229.377, 1306776.5140000002, 6276306.395000001, 88600.57500000001, 6925.983000000001, 15747.871000000005, 2105.8319999999994, 6975.54, 505152.97400000005, 1337734.9400000006, 133420.57599999994, 558700.161, 703578.2420000004, 1546405.1999999995, 545519.1020000001, 1255665.728000001, 662773.2780000004, 30295.979999999996
Cook Isds, 236.73999999999995, 18417.766, 2571.3300000000004, 1.379, 161.22099999999998, 266.894, 7162.791000000002, 1144.1499999999999, 188.37500000000003, 133.351, 7285.349000000002, 45409.687999999995, 2919.084999999999, 31953.874000000003, 7631.043999999997, 11808.235999999995, 73027.37299999999, 13530.899999999989, 10505.795999999998, 509.7399999999999
Costa Rica, 207217.8139999998, 5382582.490999997, 206880.007, 45074.72, 441284.277, 1442134.415000001, 139056.87399999998, 4300360.881000001, 846931.6580000004, 10594.338999999998, 897883.63, 2610580.1629999997, 260257.87699999995, 1675040.9459999998, 1198587.5739999993, 3052644.098, 982009.4079999997, 2303643.3249999997, 1707206.9940000002, 53515.06100000001
Croatia, 1848823.4890000008, 4033641.606000001, 499766.483, 1895295.4379999998, 1563934.8560000001, 2693996.350999999, 1567007.6529999997, 1985598.0219999983, 1452488.4080000005, 67464.74399999996, 2822302.1029999983, 5116981.058, 533547.2450000002, 4654069.859999999, 2551563.441999999, 4767531.0940000005, 2847007.0130000007, 3694900.201, 2039733.367, 75761.475
Cuba, 747.3140000000002, 766664.2220000002, 13372.132000000001, 191028.26499999996, 184875.72299999997, 35317.37900000001, 3048.228, 2812.2870000000003, 1606.3249999999998, 6353.231, 202261.22699999998, 1707748.482000001, 97384.05700000003, 99817.43, 459624.39700000006, 768002.0189999999, 424509.67399999994, 1005907.0909999999, 489444.34899999975, 24418.313000000002
Cyprus, 82449.93399999998, 804849.4110000001, 87445.14499999999, 796157.0049999998, 125055.36200000002, 697534.5199999996, 1292876.8820000002, 264467.84600000014, 227854.636, 10016.939000000002, 761958.9919999995, 1996579.62, 261160.18500000008, 2633979.4069999997, 631479.2800000001, 1496801.0589999994, 2700877.4020000002, 1102290.5879999998, 706723.4659999997, 41244.13200000002
Czechoslovakia, 0.0, 0.0, 0.0, 0.0, 0.0, 0.0, 0.0, 0.0, 0.0, 0.0, 0.0, 0.0, 0.0, 0.0, 0.0, 0.0, 0.0, 0.0, 0.0, 0.0
Czechia, 11246897.956000002, 14736146.492999993, 3928234.921999999, 4357599.949999998, 16216909.704, 20028575.078000013, 42219571.96699999, 49445955.71699997, 35197865.62000001, 1036710.8179999996, 11681933.968999999, 15141333.803999996, 2861989.2100000014, 9483864.718000006, 17535455.418, 25594815.120000005, 18928080.848000012, 37985419.30900002, 34309614.447999984, 759854.7360000001
Benin, 483903.117, 346620.7850000001, 224937.49, 405030.098, 118969.89200000004, 12212.995, 8484.355, 9867.958000000002, 4901.308, 781.074, 647092.736, 1804072.5109999997, 65910.271, 429651.99299999996, 317983.9560000002, 514314.7509999999, 589926.4400000002, 253755.708, 371697.5659999998, 6695.165000000002
Denmark, 8234613.637999997, 25050808.132, 1136409.6980000008, 4576901.801000001, 6486786.363999998, 25752786.009000003, 4264124.816000001, 19208787.02300001, 9413956.627999997, 320265.634, 9512926.178999996, 18908398.447000004, 1684180.0450000004, 8631299.662000002, 7277573.329000002, 14447095.194000002, 11273294.96600001, 16950098.558999997, 9777500.753000004, 445234.9270000004
Dominica, 2420.611, 6931.717000000001, 352.108, 1134.303, 2555.9849999999997, 11527.155, 642.434, 15460.712999999998, 5633.702999999999, 48.637, 16162.387999999999, 48836.79199999999, 9216.483999999997, 317495.41599999997, 18967.208000000006, 32916.80299999999, 57784.922000000006, 33242.196, 25282.529000000002, 1590.06
Dominican Rep., 1358875.4140000006, 2365649.4480000003, 1929150.215, 237817.62099999996, 588781.8620000002, 877452.5160000002, 25406.725, 1662857.242, 1027948.8709999996, 3248.116, 1402195.3199999998, 3677542.5700000008, 979285.4269999998, 3031266.2949999995, 1109168.6169999996, 2292127.1819999996, 1350516.5959999997, 2280271.898999999, 1635841.8179999997, 56416.33899999999
Ecuador, 161840.94200000004, 12446842.846999995, 307268.833, 9009447.723000001, 349677.36900000006, 297429.37399999995, 82230.104, 118596.53600000001, 94415.89499999999, 7609.091, 1048620.6859999998, 3197747.5759999994, 322384.1009999999, 4832901.812, 1586909.77, 3881781.8209999977, 2079326.9589999998, 2897093.9239999996, 1380619.1380000003, 71306.871
El Salvador, 2736564.3479999993, 1561902.6779999998, 68859.95700000002, 208927.956, 300460.934, 765298.4689999997, 15938.730000000003, 85607.96300000005, 499662.2059999999, 22456.201999999997, 1654129.0190000006, 2464902.7039999994, 152718.96900000004, 1601315.756, 774690.0530000007, 1902392.1999999993, 604916.9360000001, 976706.6839999999, 877767.515, 42805.00100000001
Equatorial Guinea, 214.78999999999996, 194479.60299999997, 3611.031, 4009134.0089999996, 12261.527000000002, 266156.872, 1985.219, 5841.026999999998, 722.6740000000002, 5.3469999999999995, 52702.80799999999, 250488.62799999997, 25516.639999999992, 23443.588, 100343.77699999997, 91051.62000000001, 83372.06299999998, 273137.47900000005, 74576.27900000001, 2957.85
Fmr Ethiopia, 0.0, 0.0, 0.0, 0.0, 0.0, 0.0, 0.0, 0.0, 0.0, 0.0, 0.0, 0.0, 0.0, 0.0, 0.0, 0.0, 0.0, 0.0, 0.0, 0.0
Ethiopia, 371431.172, 1948774.9060000002, 265541.969, 308661.98199999996, 1751.7289999999996, 13011.519999999999, 10155.483000000002, 139046.93899999995, 50865.03899999998, 1306.746, 779393.0499999993, 873713.246, 159796.22100000002, 193247.29100000003, 815781.3889999996, 1549130.106, 1354448.1710000003, 2079147.0029999998, 1096312.628, 50222.49999999999
Estonia, 1736240.1700000013, 3711221.036999999, 419545.60800000007, 1935145.4249999998, 1272878.262, 1582249.4990000003, 1315485.3089999992, 2310731.5130000003, 2647673.7630000003, 87312.843, 1348749.7740000007, 3557483.1459999974, 459319.4700000002, 2409600.624000001, 1644282.114, 3232290.426999999, 2451823.1019999995, 2700968.846000001, 2469759.0319999973, 38309.42399999998
Falkland Isds (Malvinas), 14968.326000000003, 289817.19700000004, 43.760999999999996, 6.489, 173.80299999999997, 23.671, 197.83499999999995, 807.3069999999998, 123.80799999999999, 2.286, 4373.031, 12265.198, 1738.1499999999999, 16909.057, 6930.102000000001, 8999.255999999996, 8256.588999999998, 30676.34699999999, 6466.011999999999, 218.867
Fiji, 81319.987, 607638.0399999998, 55290.185999999994, 97152.67099999999, 35566.422, 31008.994, 42614.441999999995, 22738.195999999996, 43652.022, 25489.676, 181549.55899999995, 516949.20800000004, 35757.995, 655119.5440000002, 158799.4900000001, 266356.49399999995, 524073.71400000004, 294617.74600000016, 169895.85199999996, 15803.448999999999
Finland, 1247473.1270000008, 16779360.139999997, 1353406.5380000004, 7389019.001000002, 9906190.71700001, 8822637.400999999, 8939954.574000001, 14123931.649000006, 5927860.522000002, 98516.59899999997, 4767320.4010000015, 8342186.543000002, 898940.7150000001, 12484467.817999996, 6952624.755999997, 10145067.174999997, 7558894.423000001, 12999655.553000001, 7536262.515, 226884.38499999992
France, 24585533.452999994, 91665272.57099998, 17309431.757000003, 17958689.522000004, 35597106.38700001, 120249938.48199998, 113717018.44399999, 91268946.252, 42194780.348, 3838937.6920000017, 57588417.909, 83827917.29299997, 22335255.544000007, 61441479.36500001, 45186502.607000016, 102081999.90200002, 99148591.093, 109220130.79200004, 58259846.077000014, 4039102.8639999996
French Polynesia, 244.987, 39767.3, 92846.269, 67.519, 1006.973, 3663.7109999999993, 6481.848000000001, 4541.205999999999, 2769.501, 1000.375, 72965.80099999999, 410532.37400000007, 17990.197, 110042.00299999998, 73895.13500000007, 205964.347, 227111.25800000003, 212367.91300000003, 111619.68800000004, 7192.256000000001
Fr. South Antarctic Terr., 484.8340000000001, 8378.906, 288.815, 1.586, 23.074, 455.1829999999998, 44.778000000000006, 731.146, 76.357, 2.94, 829.476, 5989.387, 283.02799999999996, 928.0250000000001, 1480.8080000000002, 1189.046, 2529.4530000000004, 8092.514000000001, 531.631, 216.27599999999998
Djibouti, 595.935, 92123.23099999997, 398.638, 2738.1890000000003, 1478.344, 28933.412999999997, 2036.898, 4175.474, 1198.538, 28.524, 792508.0009999987, 915551.2219999998, 199787.9449999999, 527578.1430000002, 705470.575, 945061.1660000001, 333228.31999999995, 378866.65300000005, 294035.18000000017, 7855.052999999996
Gabon, 892.05, 611608.8720000003, 35811.469, 5642589.310999999, 82672.772, 18073.948999999997, 50317.509000000005, 11773.597, 2940.9950000000003, 4977.347999999999, 116677.92400000004, 535892.988, 50326.72299999999, 84806.51699999998, 223511.25900000008, 290453.409, 279331.3710000001, 499920.4169999999, 189038.05999999997, 6965.692000000003
Georgia, 239172.24799999993, 967642.7480000003, 183840.06799999994, 803384.0799999998, 502922.6289999999, 537182.9530000002, 746702.3459999997, 182348.76100000003, 60734.822999999975, 3440.358000000001, 665391.882, 1795933.0910000007, 255861.74500000008, 1849368.4340000001, 684954.6810000001, 1443511.7029999997, 1311582.5199999996, 1214165.0670000003, 677894.6090000002, 19234.90199999999
Gambia, 1907.436, 146008.035, 1141.2280000000003, 14064.544, 7678.8200000000015, 3208.87, 2085.3399999999997, 2229.0299999999997, 167.925, 483.98499999999996, 412345.698, 520363.84499999986, 45243.341, 132858.696, 121271.51899999996, 140125.81099999993, 83692.92200000002, 80571.27999999997, 70321.24100000005, 4289.134
State of Palestine, 5079.061000000001, 78367.12600000003, 19569.749000000003, 1243.14, 26886.109999999997, 10762.361000000003, 88.014, 675.1959999999998, 408.318, 94.65799999999997, 21204.447000000007, 361817.9300000001, 19200.769, 92653.43000000002, 44817.78900000001, 138535.50600000005, 129303.28200000002, 95207.32499999997, 55151.781, 1601.6850000000002
Germany, 63671639.55000004, 120191114.41200005, 32382110.280999996, 27398927.46, 105658523.25499995, 277788506.182, 299905101.7049999, 347462476.56, 156358186.8690001, 6782845.957, 96330195.61100003, 132853749.94200005, 31429557.226000004, 80950650.13899998, 95555132.88, 199716632.37100002, 165067446.96600002, 209612672.08300006, 145596666.83599997, 5514498.439000001
Fmr Dem. Rep. of Germany, 0.0, 0.0, 0.0, 0.0, 0.0, 0.0, 0.0, 0.0, 0.0, 0.0, 0.0, 0.0, 0.0, 0.0, 0.0, 0.0, 0.0, 0.0, 0.0, 0.0
Fmr Fed. Rep. of Germany, 0.0, 0.0, 0.0, 0.0, 0.0, 0.0, 0.0, 0.0, 0.0, 0.0, 0.0, 0.0, 0.0, 0.0, 0.0, 0.0, 0.0, 0.0, 0.0, 0.0
Ghana, 181002.54199999996, 4255530.404999999, 10871897.313999997, 5489601.600999998, 297155.587, 482986.99900000007, 63918.919, 69423.22900000002, 15329.681000000008, 8420.196000000002, 1322961.838, 3366479.044, 279776.2379999999, 1059235.743, 3471541.579000001, 2543104.261000001, 3250198.2819999987, 1994228.7049999991, 1025231.1519999999, 108515.09599999998
Gibraltar, 1279.0929999999996, 6939.724, 903.7829999999999, 7147.285, 5170.399, 1827.384, 128349.584, 3912.141, 1202.2299999999998, 706.032, 52101.260000000024, 165293.02600000004, 19714.358999999997, 6606260.248000001, 41160.12900000001, 140696.25699999998, 1224105.289, 120059.49399999998, 54068.75, 5038.558
Kiribati, 177.012, 79804.62500000001, 0.391, 113.258, 563.8739999999999, 105.00299999999999, 4747.786, 678.8290000000002, 96.81900000000003, 4.816, 7412.480000000001, 36530.117000000006, 362.48199999999997, 14909.11, 5412.999000000001, 6873.3269999999975, 9181.598, 12506.098000000002, 6075.777, 779.9029999999999
Greece, 2400971.0530000012, 7725695.678999994, 484831.9050000001, 12063269.492999999, 4523360.147000003, 5456435.495999999, 377896.54, 2607715.9370000004, 1255295.7699999989, 140205.75099999996, 5742788.18, 10163440.720999999, 798150.6070000001, 15608148.459999993, 4167690.451000001, 10672962.042000001, 4631351.590999999, 6842491.653999998, 3589222.896, 288243.18399999995
Greenland, 517.6959999999999, 1219632.1269999996, 980.5150000000001, 1042.7, 964.9639999999998, 134.149, 20070.006, 1598.7500000000005, 406.545, 947.4839999999999, 63772.313, 190735.8629999999, 16004.782999999996, 151629.19400000002, 51009.10300000001, 48489.695000000014, 307836.70900000003, 120086.70899999989, 39563.94799999999, 3001.0470000000014
Grenada, 310.31699999999995, 30575.977999999996, 218.958, 3.659, 1306.1689999999999, 2015.9360000000006, 454.05400000000003, 1016.6659999999998, 99.06299999999997, 40.42399999999999, 12480.536, 73783.97399999999, 7758.713, 12445.805, 13820.159, 25705.583000000006, 82531.53900000002, 31214.449999999997, 20584.367000000002, 2964.6269999999995
Guam, 383.80099999999993, 3484.5089999999996, 822.128, 663.268, 7898.721, 2716.8889999999997, 628.792, 5288.2660000000005, 5285.790999999998, 29.979000000000003, 36214.534, 179207.934, 14697.672000000002, 574519.417, 29268.225, 38805.15600000001, 77861.82400000001, 59873.070999999996, 65477.165, 1175.387
Guatemala, 1902895.5129999998, 6624089.533, 140546.59399999992, 573941.8790000001, 687361.2460000002, 1524913.7900000005, 47214.416999999994, 195919.40500000014, 62492.36799999997, 26335.277000000006, 1721206.9800000002, 4012364.161999999, 235562.42400000003, 3052490.239000001, 1423818.2059999995, 3660922.779000001, 1383812.17, 1908848.958, 1568187.8760000004, 87605.78400000001
Guinea, 3256.015000000001, 149038.486, 2855351.982, 2902520.5450000004, 30864.516, 123333.62900000002, 4336.994, 7845.617999999999, 1744.12, 89.852, 432257.29899999977, 962435.5650000001, 130220.41099999995, 271637.78900000005, 388263.34099999984, 574867.4770000001, 638681.262, 628031.9340000005, 366771.5520000001, 13745.168
Guyana, 3983.82, 431387.2149999999, 774829.467, 365621.20800000004, 110221.68400000007, 120416.60400000002, 1606467.8270000005, 480951.0679999999, 81380.74000000002, 799.2679999999998, 110158.38500000005, 350172.52100000007, 31127.24600000001, 435382.57100000005, 362818.48199999984, 430002.20400000026, 2717578.3709999993, 753853.2800000004, 145398.49400000006, 8192.565999999997
Haiti, 1129553.9890000003, 100309.113, 988.44, 1009.169, 21495.417, 65886.437, 3386.138, 5176.206, 3680.0900000000006, 1230.882, 428414.74199999997, 905430.9980000004, 31653.177000000014, 314813.8410000001, 183031.88999999993, 232424.82399999994, 109569.78800000002, 152513.88199999998, 136092.07499999995, 21037.637000000002
Honduras, 3757350.530000001, 2744093.603, 127224.502, 215224.961, 205662.662, 265722.6689999998, 44643.596, 47637.031, 386165.15700000006, 10145.699, 2637900.2970000003, 2299800.0160000008, 142068.214, 1561459.6429999992, 719909.791, 1912276.2380000006, 576700.736, 990083.2390000003, 943156.4770000005, 44049.591
"China, Hong Kong SAR", 6619816.057999995, 10139972.62100001, 30388948.334999993, 495263.6519999997, 4875110.686, 5982815.397000001, 1422431.186000001, 23010662.198000003, 34309875.676000014, 1048966.9980000001, 19197194.109, 36004377.20099998, 61583357.432999976, 16283455.008000001, 8964330.475000003, 23839425.307000007, 11431348.497, 98653560.27800009, 295690606.44200027, 5403189.692000001
Hungary, 4033550.604000001, 13155372.739000006, 1948619.397, 3481095.3360000015, 5589153.356999999, 17932278.689999994, 22117152.183, 25167852.221000005, 27467867.67000001, 240713.00300000003, 5414278.231000001, 9703208.105, 1480889.3480000007, 8888651.481999999, 9655027.584, 17750235.2, 14628524.958999999, 22253957.149999984, 24769506.69900001, 240341.02699999997
Iceland, 28582.02800000001, 2536111.986, 5023.53, 111571.57599999997, 2465486.923999999, 104188.12299999998, 252869.84600000008, 403976.8010000001, 74632.67700000001, 6546.097, 492746.3429999999, 1016215.4230000001, 87895.38400000002, 703821.0199999999, 432870.0400000001, 1282307.0720000006, 901003.8709999999, 972127.6120000002, 765636.5949999999, 23961.610000000004
Indonesia, 22345625.101, 50925582.73100002, 8578531.107000003, 39405723.98100001, 14494113.432999995, 18265750.473000005, 11206227.898999998, 9535708.022999994, 11112978.439000005, 70924.61499999996, 12180310.746999986, 22046106.208000015, 3488571.407, 23129910.677999996, 18690894.149000004, 25896777.28999999, 10538968.136, 29948116.530999977, 19339466.34300001, 240631.6030000001
Iran, 219626.50200000004, 2101586.145000001, 242845.297, 15002075.903, 2038533.0170000007, 5154173.655, 40276.53299999999, 154753.159, 17278.925999999996, 14520.264, 2573710.9689999986, 11467007.086, 542236.6539999997, 406960.49600000004, 1429749.155, 6721778.873000001, 1188542.17, 6753506.766999996, 3768072.681, 79077.352
Iraq, 2405.547, 427018.26399999985, 2547310.846, 78571000.99100001, 83425.48899999996, 24061.766999999993, 2264.0139999999997, 8980.990999999998, 5908.562, 1704.727, 4260735.044000001, 10196220.089000005, 3559807.2130000005, 4045196.305, 3547904.0990000004, 5270231.097, 4791630.921999998, 7060521.875999997, 6895551.155, 94359.712
Ireland, 1099691.2929999996, 18603776.69000001, 559364.955, 1618697.8250000004, 1434919.66, 119741347.70099996, 2246227.077, 27806697.50500001, 16871839.070000004, 289791.829, 5549412.6329999985, 13415797.150999997, 1461304.9630000005, 6170174.8719999995, 3663245.2319999994, 20420737.97199999, 12225046.659, 17247706.48599999, 6864538.251, 677488.355
Israel, 1535763.2580000008, 2707679.5439999998, 12183093.805000003, 2065487.9800000002, 2257246.4710000004, 13899781.561000003, 1410232.9380000003, 12039615.159000007, 7660653.461999999, 219539.845, 5014342.9169999985, 8551132.007, 7766322.185000001, 4939177.982, 4542470.076000001, 10141494.760000002, 10656228.452999996, 13076130.665999996, 7736764.865000001, 436477.278
Italy, 61274667.16599997, 74680169.22900009, 26426165.97100001, 17009788.951, 48850962.95299996, 90104348.19799997, 53079032.91499997, 119952436.11700007, 31946759.190999996, 1936360.3860000002, 38741106.587, 68899260.265, 16813262.414, 67564141.86800002, 43949183.169000015, 87082811.26100004, 52463571.683999985, 65907578.96099998, 36935694.694999985, 1340832.5430000005
C�te d'Ivoire, 492220.59799999994, 7663814.569, 1093976.4139999996, 2406590.82, 54775.914, 1604449.6510000005, 284156.36100000003, 113001.06400000004, 17733.208999999995, 4884.72, 578734.8959999997, 2656738.949000001, 163084.82599999994, 2127313.2669999995, 903293.7550000001, 1735615.8100000012, 749045.6610000004, 1307503.2359999996, 722165.8259999995, 32372.191999999995
Jamaica, 6067.448000000001, 398055.85099999985, 11077.830999999998, 369029.83400000003, 28337.580999999995, 999570.4329999997, 6176.607, 22789.473999999995, 10494.543, 1194.4689999999998, 298949.23900000006, 1410627.5229999996, 140452.324, 1302030.1230000001, 414887.49500000005, 729149.826, 572230.3150000001, 691183.5159999998, 313277.14700000006, 39534.055
Japan, 10156204.1, 13304345.253999999, 20029328.10500001, 15246763.536000008, 55783835.182000004, 97071785.36199996, 175244050.17100003, 192080827.33100006, 110886927.94099997, 6116698.418, 50086763.55799994, 87968412.22999994, 16148966.329, 163601691.312, 34828160.18999998, 77901558.116, 31759157.384000007, 103162307.64599998, 87176370.10700005, 1540559.977
Kazakhstan, 221976.69999999992, 3465903.3479999984, 602793.8870000001, 43356760.342999995, 8363785.189, 3110389.5790000004, 586537.2109999999, 415442.1480000001, 210141.3330000001, 4048.504, 4573842.198000002, 5252501.040000001, 1226813.367, 2648474.184000001, 4438882.494, 5555856.969999999, 4094053.4669999997, 8822584.346999997, 4275287.058000001, 99296.68700000002
Jordan, 2090655.4260000002, 1359467.5370000002, 375467.5150000001, 780294.4330000001, 359320.41299999994, 3320345.935, 68968.391, 368022.5369999999, 178356.03699999998, 11465.352000000003, 2509476.6409999984, 4593409.267, 756681.886, 3878209.5559999994, 1452355.993, 2947777.620999999, 2665857.3619999993, 2224800.814, 1421604.518, 63373.87100000001
Kenya, 569972.6590000002, 3561772.062, 121198.93499999998, 727157.3960000001, 270784.836, 575284.0920000001, 111627.74199999997, 206534.61500000008, 75989.64299999998, 34589.534999999996, 1729855.4389999998, 3080822.1819999996, 317189.41700000013, 3517722.329999999, 1679808.813000001, 2992134.3379999986, 1937822.7780000004, 2076842.6750000012, 1352055.9590000005, 76194.438
Dem. People's Rep. of Korea, 44212.004999999976, 10930.912000000002, 6322.8499999999985, 36094.556999999986, 44795.694000000025, 33071.32700000001, 20296.556000000004, 102822.18999999997, 9353.892999999998, 513.327, 824313.080999999, 926311.7660000002, 104352.32999999999, 73228.05799999999, 3259.134, 604797.9889999995, 558.4839999999999, 160255.6140000001, 4611.0650000000005, 1183.481
Rep. of Korea, 14918314.066000003, 12931806.977999996, 6083533.133000001, 43550705.512, 48383905.69600001, 86103531.2899999, 85368737.94499998, 95950383.60199997, 160346981.02099994, 1214500.5449999995, 23890862.713000007, 42436946.98999998, 8888222.114999993, 137300125.59199995, 37152183.390999995, 55645568.864999965, 21523384.491000004, 72938147.99299993, 83589227.232, 1575188.3370000005
Kuwait, 161000.75200000004, 528801.412, 255941.044, 50517320.985, 407764.79300000006, 3775593.454000001, 3513940.2910000007, 474525.912, 192946.27299999993, 5578.816999999999, 2537333.1080000005, 5962948.475, 1598389.2989999996, 1509441.0910000002, 3943645.8469999987, 4083216.9390000002, 5239331.418999999, 5034899.978000001, 3007159.0709999995, 71988.38699999999
Kyrgyzstan, 183289.4589999999, 290125.48799999984, 1708473.8460000001, 332228.35900000005, 132349.596, 101219.91699999999, 80472.88199999995, 79564.87300000004, 18395.598, 1642.497, 3989574.348000001, 1582727.4000000004, 215162.1, 813530.135, 540850.049, 756961.1780000001, 421053.55000000016, 697264.905, 552885.2440000002, 13764.419
Lao People's Dem. Rep., 494250.91399999993, 1780984.0709999995, 296442.098, 2122455.965, 491558.4430000004, 688457.013, 12104.228, 89386.12199999999, 668891.0179999998, 2976.7290000000003, 319961.684, 1513343.3299999998, 185166.94599999997, 1056508.5570000003, 877711.0400000004, 961760.2300000002, 642048.337, 923082.6790000004, 712115.5129999999, 9466.37
Lebanon, 100726.53200000002, 829134.8180000002, 1777130.5359999996, 11549.505000000001, 309086.876, 319519.15200000006, 9832.120999999997, 542948.558, 105673.69799999995, 68728.36699999998, 1024093.6890000001, 3140622.3030000003, 1538999.4179999996, 3397002.698, 734140.4159999997, 2420113.983000001, 1226852.255, 1597489.08, 962574.1850000004, 102790.44999999998
Lesotho, 559260.1920000002, 37786.16, 477829.686, 1943.7020000000002, 1718.0460000000003, 4307.608, 1242.1459999999997, 14801.17, 41007.074, 111.159, 276170.18700000003, 451192.6050000001, 17030.92, 241989.51799999998, 71625.46099999995, 166851.87199999992, 88798.44, 122660.54100000006, 83887.709, 6732.894
Latvia, 907819.0010000003, 5759473.479000002, 445412.425, 957484.5320000004, 1264824.9749999999, 1788366.8689999988, 929205.0130000002, 1427192.4700000004, 1487220.7150000008, 143734.52000000002, 1187121.8189999997, 4384005.398999997, 398955.855, 4506541.673, 1413844.0650000004, 3025852.0899999994, 1996149.247, 2437421.903000001, 1890202.9409999999, 45566.65699999999
Liberia, 1188.62, 58122.09299999999, 183819.28000000003, 312131.30500000005, 10389.218, 138509.579, 1111514.4200000004, 6074.632000000001, 2548.2250000000004, 1174.9189999999999, 82871.22600000002, 315186.04999999993, 17097.767, 1334763.005, 251895.20100000026, 180419.788, 6718912.199000001, 569872.1470000006, 129838.26899999997, 2823.8079999999995
Libya, 2609.086, 37557.099, 1198033.334, 24703221.709, 273864.11699999997, 54372.170000000006, 1854.147, 11408.663999999999, 944.9919999999998, 264.075, 1553181.2159999995, 3467439.0249999994, 777169.9109999998, 2369326.4529999997, 727112.3760000002, 1649106.5690000008, 1462755.5460000003, 1522598.4459999998, 1516281.294, 73803.91500000001
Lithuania, 4110219.624999998, 7847324.256999998, 594889.09, 4301252.441000001, 1872075.157000001, 6011500.754999996, 1823346.3440000007, 3902219.1789999995, 2099491.4870000007, 131386.28000000003, 2193249.1080000005, 6164935.2700000005, 535458.262, 4806232.581999998, 2363827.778000001, 5765017.058, 3664769.623000002, 4377107.504999999, 2615998.073999997, 62282.16499999998
Luxembourg, 833637.8949999998, 1971585.0079999988, 568703.799, 167852.71299999993, 4499265.275999998, 3388381.175999999, 1289104.5400000005, 2313015.8410000023, 1001086.1150000002, 51657.121999999996, 1360240.743999999, 3576285.546999999, 541749.9730000002, 2665079.5469999984, 2940792.512000002, 4008208.6220000023, 4312875.467, 3464484.4059999976, 2065312.203, 367123.40800000005
"China, Macao SAR", 161271.16100000005, 176624.87399999995, 154216.604, 5767.026, 78160.80500000004, 110258.82400000001, 25198.879999999997, 230944.5689999999, 312186.1250000001, 13987.155, 1010814.5049999997, 2430746.487, 898567.2459999995, 854244.266, 329414.7859999999, 676505.819, 901835.5210000004, 1598526.492, 592665.8879999998, 51502.86200000001
Madagascar, 675961.5539999999, 1187523.1530000002, 340737.83499999996, 230339.0560000001, 594392.25, 104266.95500000002, 8907.235000000002, 45713.303000000014, 4551.319, 6803.747999999999, 727968.906, 786555.2420000003, 70166.18299999999, 735490.547, 224423.79300000003, 486349.8539999997, 291862.71299999993, 387683.33100000006, 204433.43999999997, 26864.141999999993
Malawi, 39345.953000000016, 930048.2899999999, 22566.549, 461.433, 8105.965999999999, 17413.967999999997, 9230.055999999995, 11440.399, 9980.156000000003, 173.34799999999996, 159799.2690000001, 400303.999, 36133.453, 266787.882, 204747.97600000005, 672248.3869999998, 189350.653, 412636.36500000005, 175034.79499999995, 287417.01399999997
Malaysia, 6940367.684000002, 27829853.069999978, 5035320.578999998, 41133585.85500001, 15271391.062, 28085966.532999996, 4789810.553999998, 37182401.767999984, 106072396.07400003, 608069.458, 8628922.587000003, 21381584.074, 6815325.406999997, 35446164.219, 19108242.032999992, 26322441.648000013, 9630052.576999996, 28541082.757999986, 50537173.716000006, 395941.12
Maldives, 515.859, 208281.40599999996, 1934.6609999999998, 30444.105999999996, 5057.208, 786.3449999999999, 949.69, 3748.3430000000003, 975.6410000000001, 47.43000000000001, 162942.36099999998, 522196.735, 66963.48699999998, 446603.164, 167727.89200000005, 206772.20499999996, 114585.70399999997, 278919.16699999984, 169654.02899999998, 11839.693000000001
Mali, 100364.17499999999, 196748.74600000007, 4497395.767, 342.96000000000004, 5342.375, 20985.83300000001, 15000.092, 20064.628000000004, 8136.553999999998, 2839.929, 339636.43899999984, 758883.762, 38561.97699999999, 1017952.8959999998, 173959.131, 668857.417, 428467.4, 383082.89800000016, 289147.3079999999, 11113.351999999999
Malta, 192763.144, 445172.05399999965, 48854.45900000001, 803277.0219999995, 88095.94099999996, 822396.7900000002, 463377.29500000016, 647155.2769999999, 987265.6399999999, 224444.78499999995, 561874.929, 1189547.8760000004, 161196.31200000003, 6138888.226, 290672.0520000001, 1268124.4610000004, 3967981.753000002, 994665.6480000002, 786215.7669999999, 37215.635
Mauritania, 2068.0030000000006, 1836662.253, 600213.649, 1901331.9790000003, 14707.769999999999, 32551.600000000017, 922.066, 4760.741000000001, 2173.092, 37.769000000000005, 662861.4680000008, 1082954.592, 92645.24600000001, 208770.124, 356013.88300000003, 375738.3989999998, 589925.867, 521898.2100000003, 305804.623, 8214.21
Mauritius, 759355.2629999998, 820630.8380000002, 144112.95500000002, 128037.50099999999, 40463.34199999999, 269237.0770000001, 91582.327, 170682.57200000004, 94508.395, 13103.902000000002, 582143.6020000004, 1306418.246999999, 220159.029, 1099346.337, 344138.15800000005, 618034.2630000002, 767172.2529999999, 636163.7849999999, 369884.3330000003, 24591.904000000006
Mexico, 18675237.582, 40997260.39000002, 10672835.349, 35413324.161, 18285134.626000006, 23951394.001000006, 131382753.478, 108936600.80800003, 91375370.32399997, 537337.3340000001, 16871897.396, 36808989.45599999, 4221138.789000002, 41145162.129, 34650284.758999996, 57919613.455999985, 45786458.13299998, 94751351.954, 99506537.68399999, 987499.5730000001
"Other Asia, nes", 12527730.351, 8312871.185, 3954741.185, 10813248.729, 28797386.330999997, 42248635.42600004, 11751184.734999996, 68144225.68400003, 163038131.93499997, 985649.7590000003, 6005779.167000002, 19256268.759999998, 5198424.178999999, 49964281.04499999, 20397695.532999992, 32831273.01699997, 11502216.221, 53083101.50700001, 63841240.01499999, 1765048.0310000007
Mongolia, 311238.52700000023, 193428.57900000006, 1045048.2640000001, 6372996.790000002, 114470.34399999995, 6735.144000000002, 78980.86799999999, 37947.26200000001, 3945.9750000000004, 1222.1459999999997, 187853.7479999999, 804400.1230000003, 134471.66099999996, 1355600.8199999994, 506246.7000000001, 607340.2700000003, 1236917.6369999996, 1025588.7029999997, 359620.0559999999, 11126.868000000002
Rep. of Moldova, 718358.0629999998, 1302311.3389999997, 61274.23, 24340.231000000003, 178347.27100000007, 191957.4429999999, 30175.04300000001, 106546.074, 683455.5089999993, 1539.42, 567607.094, 1150136.3520000002, 163214.18500000006, 663446.3280000001, 493996.4349999999, 1005021.0130000006, 475740.271, 691487.9210000008, 663169.15, 18628.170999999995
Montenegro, 3152.4229999999993, 63904.993, 7374.478, 84962.468, 130313.40600000003, 49130.66100000001, 32067.429000000004, 25968.902000000006, 8173.6140000000005, 2134.561, 239023.83100000006, 763893.4790000005, 102836.72600000001, 353419.567, 272760.11500000005, 424645.06399999995, 322458.45199999993, 297395.453, 181204.25499999998, 11971.674000000003
Montserrat, 917.533, 620.8849999999999, 2.1950000000000003, 2346.393, 1029.626, 131.257, 244.26999999999998, 967.4879999999999, 561.738, 3.2449999999999997, 434.236, 3459.0840000000003, 213.573, 5864.321, 758.5549999999998, 1033.6380000000001, 1304.475, 1918.225, 1265.5059999999999, 17.596
Morocco, 5793567.349000004, 7022333.021, 389993.6960000001, 1847174.6510000012, 737679.8069999998, 5326787.494000001, 5337573.575000001, 728053.2030000001, 5738482.272000002, 14296.280999999999, 4704176.230999999, 7258578.494999998, 919685.6780000003, 7912831.994, 4091108.6459999993, 6328213.801000002, 6300930.449000001, 6792810.358, 4719487.025, 162799.24599999996
Mozambique, 75469.76599999999, 1246418.8880000003, 420713.921, 2675931.7710000006, 1159667.2980000004, 39579.00199999999, 3315.688, 14751.300000000001, 6988.912, 17924.531000000003, 672528.8369999999, 1803705.130999999, 190346.5169999999, 4370299.189, 893388.3169999999, 1538630.447, 548755.9619999997, 1064282.4189999995, 522824.5810000001, 45497.063999999984
Oman, 71200.642, 899334.2039999999, 562645.188, 27374387.593000002, 3426189.3850000007, 3866153.4450000008, 817654.1349999997, 179461.72799999997, 322983.01, 4476.643999999998, 1596497.1450000005, 4236601.0419999985, 1751409.1190000002, 2452448.88, 3052669.1680000005, 3307738.5310000004, 5286813.316999999, 5239177.272000004, 2926169.7530000005, 148520.543
Namibia, 12460.684, 1338607.3129999996, 1726390.6519999998, 951678.5739999999, 1868252.1630000002, 598610.933, 372990.15900000004, 89537.48900000006, 39986.79299999999, 5441.918999999998, 336819.13900000026, 1124174.9310000006, 243795.86300000004, 1432975.6729999997, 1657378.6020000002, 851228.9069999999, 841575.9950000003, 720469.9640000005, 309248.11899999983, 25320.827000000005
Nauru, 1068.3129999999999, 15194.405000000002, 15.14, 9558.633, 325.775, 580.242, 405.53999999999996, 1970.9990000000003, 2977.5460000000003, 20.508, 1921.4580000000003, 13391.494999999994, 343.323, 48202.80099999999, 2137.3690000000006, 2685.3069999999993, 5678.23, 10910.806999999999, 2598.6270000000004, 440.45000000000005
Nepal, 344210.3060000001, 408653.48200000025, 10609.482, 158.742, 59707.44700000001, 83709.27899999998, 1162.7239999999997, 15433.211, 2895.8869999999993, 3984.6849999999995, 859550.5270000005, 1455338.7549999987, 543720.1, 1970454.6500000004, 1405459.9450000005, 1070000.623, 837628.9609999997, 1094002.2169999995, 853450.3630000007, 34452.01500000001
Netherlands, 22417161.303000007, 107251961.00099997, 3904856.252000002, 68347257.286, 30098973.464000005, 105244506.18700008, 32548329.176, 108503529.25300002, 52518111.66899999, 2682430.5090000005, 34364337.91300001, 85373627.03700005, 5711835.097999997, 117549379.78600007, 39000947.63599996, 88324935.97899996, 41723853.41000001, 107807630.90699996, 68814386.359, 2035086.4550000005
Neth. Antilles, 27404.20599999998, 138238.4, 98201.89199999999, 743604.5940000002, 4733.7530000000015, 16369.09, 61921.047999999995, 19313.581000000006, 7063.0689999999995, 875.571, 155427.67200000002, 305750.8260000001, 125639.99100000001, 1266194.81, 47679.18199999999, 97914.80999999998, 256941.20600000003, 171742.59100000004, 76839.175, 11754.053000000002
Cura�ao, 9647.408000000003, 32060.617000000006, 176877.451, 77877.162, 12992.235999999999, 37335.86399999999, 2690.0489999999995, 28246.349000000002, 6011.563, 2279.2799999999997, 83821.30500000001, 272140.46299999993, 43125.49399999999, 186714.062, 39590.09700000001, 125539.844, 98301.321, 125953.85999999999, 68306.50000000001, 4323.334999999999
Aruba, 2084.7999999999997, 8033.763000000001, 1984.8220000000001, 45984.181, 7189.923999999999, 6804.102000000001, 373.92699999999996, 4658.759000000001, 2941.1580000000004, 360.51099999999997, 67124.826, 305189.53899999993, 75507.615, 191040.05599999998, 40979.422999999995, 112666.86000000002, 53405.281999999985, 146628.81799999997, 87946.08599999998, 4178.061
Saint Maarten, 1679.4820000000002, 2361.856, 5389.016, 230.18299999999996, 1529.5600000000002, 1068.0539999999999, 4595.285, 1713.8829999999991, 598.3339999999998, 345.349, 39400.91600000001, 154673.56700000004, 352079.888, 13400.918, 30508.744999999995, 48193.392, 81586.18300000002, 102198.36600000001, 38490.81899999999, 2305.298
Bonaire, 37.914, 333.65099999999995, 0.073, 41684.894, 47.323, 54.306, 33.078, 1093.0520000000004, 214.333, 4.731, 9717.003, 31586.38799999999, 5065.163999999999, 327152.21599999996, 10116.705999999995, 16557.469, 6036.517, 13546.312000000002, 9438.014, 964.796
New Caledonia, 975.1940000000003, 9939.924999999997, 461.46200000000005, 448427.682, 1220927.7490000005, 21271.810999999998, 6410.4890000000005, 10153.295999999997, 5630.332000000001, 270.59600000000006, 84505.6669999999, 377201.1759999998, 25312.053999999993, 502729.653, 128314.799, 280528.11299999984, 512898.3800000001, 372956.34500000003, 185964.63500000007, 10551.311
Vanuatu, 367.775, 135115.95600000003, 4.804000000000001, 31.729999999999997, 482.63499999999993, 393.6980000000001, 22715.668999999998, 458.3830000000001, 1380.292, 1715.69, 22753.23300000001, 78513.48999999998, 5308.424, 22111.017000000003, 20569.534, 24135.073999999993, 33142.11, 37470.40599999999, 19858.69, 2189.82
New Zealand, 817803.356, 30638490.968000017, 528682.0530000001, 888752.9660000002, 1470209.818999999, 2573986.881000002, 421882.93899999995, 2330415.398, 718867.8769999997, 69944.57100000001, 2974428.1550000003, 5997541.392, 835920.2590000003, 4357400.760000002, 2130651.644000001, 5395923.127000002, 6648310.242999998, 7974937.144999997, 3328775.972000001, 224881.21600000013
Nicaragua, 1630092.9719999998, 2518123.7649999983, 704913.1559999998, 18364.573999999993, 40766.13500000002, 80394.28500000002, 9675.153, 35595.28300000001, 529818.5769999999, 893.689, 1340336.2810000004, 1345044.2439999995, 77751.54399999998, 891372.7539999997, 375641.3140000001, 1161911.125, 162791.182, 521544.1979999997, 517499.1880000001, 30976.128
Niger, 1697.822, 244385.51799999998, 460544.96200000006, 62523.56999999999, 2793.807, 65592.906, 3344.0630000000006, 7482.051000000004, 2039.6879999999992, 1416.541, 108683.90800000001, 450457.76700000005, 9749.265000000001, 104999.15, 120567.81800000006, 235661.52800000005, 183246.29600000006, 198789.60600000003, 131269.37999999998, 3080.389
Nigeria, 58873.861999999994, 2215035.8789999993, 400534.2460000001, 54787648.816999994, 2528935.461000002, 445513.6539999998, 3283386.709, 57328.571, 29741.086999999996, 11912.477999999997, 4912433.819000002, 6961235.770999996, 2206297.547, 10496604.656999996, 3802546.2269999986, 7262281.235000001, 4681144.784, 6909807.917999998, 4360096.386999998, 898624.9410000001
Niue, 236.38199999999998, 347.002, 127.35199999999999, 0.716, 39.888999999999996, 226.637, 58211.740000000005, 802.625, 104.78899999999999, 17.747999999999998, 501.9260000000001, 4074.2359999999985, 127.90099999999998, 2702.46, 735.098, 1521.6029999999996, 6858.705999999999, 9429.815, 751.5430000000001, 46.53
Norfolk Isds, 27.768, 1008.3169999999999, 4.1, 42.326, 81.969, 894.0619999999999, 75.92200000000001, 512.048, 14.415000000000001, 39.853, 5205.3099999999995, 5200.594000000001, 418.12500000000006, 2853.379, 778.1329999999999, 1229.5539999999996, 1628.8779999999997, 5908.42, 533.308, 24.448
Norway, 833467.1760000001, 15218028.934000002, 904274.2840000003, 60675586.849999994, 9354642.606000002, 8080748.610999995, 4554292.477, 6759268.897999996, 2808799.764999999, 116051.91800000003, 7381549.591999998, 11004640.351999993, 1742434.1339999996, 8327930.164999997, 8503779.969, 10494046.203999998, 15977632.408000005, 16409034.661999999, 8464972.309000002, 546539.7540000001
N. Mariana Isds, 58.08699999999999, 150.84799999999998, 9.186, 15.505, 2748.0430000000006, 137.235, 4.444000000000001, 452.459, 107.58200000000001, 0.642, 8671.792, 59296.36100000002, 8513.076, 42597.541000000005, 6461.957, 3558.550999999999, 16859.757999999998, 16925.377999999997, 4746.221, 160.168
FS Micronesia, 207.20800000000003, 128127.047, 0.0, 31.536, 296.25, 95.26399999999998, 110.34899999999999, 253.55800000000002, 111.267, 37.279, 9190.505000000003, 48335.205, 523.2810000000001, 6966.185000000001, 7838.902999999999, 7276.494, 10433.988000000001, 15940.817, 12349.315999999999, 1882.377
Marshall Isds, 1579.4670000000006, 99039.17499999999, 138.36999999999998, 25046.042999999998, 3854.763, 14354.296, 922817.4560000001, 8617.999, 34625.364, 114.77199999999999, 11390.211000000003, 48023.309000000016, 2066.7660000000005, 874987.6079999998, 86128.02999999993, 46770.74300000004, 7222989.779000001, 549138.2900000004, 43207.893, 840.8879999999999
Palau, 26.919, 12822.633999999996, 53.63, 51.255, 437.13599999999997, 192.20899999999997, 629.1259999999999, 4856.135000000001, 3272.442, 31.941000000000003, 4812.405999999998, 30337.98999999999, 2262.9929999999995, 19470.462, 7345.922, 5804.638999999999, 8791.087, 13996.748, 9228.954999999998, 311.171
Pakistan, 15052812.921999995, 6711822.470999999, 212698.11499999996, 1116196.2220000005, 943712.8000000007, 919286.7610000002, 364617.931, 1166552.3900000001, 73009.61199999998, 14990.528, 5342604.097999996, 6943625.306999997, 522094.4580000003, 12591131.589000002, 4912900.1410000045, 8949452.502000002, 2537754.063999999, 6667130.471000001, 4258574.641000001, 102118.788
Panama, 210573.159, 1020634.3130000003, 208971.22199999998, 1681365.484, 170838.96899999998, 537881.3320000003, 582743.1300000001, 237516.914, 281103.30399999995, 13878.132000000003, 2496117.1769999987, 2980261.656, 468657.46500000014, 10614166.762999997, 1035660.6870000004, 3888338.2770000002, 11354935.340000004, 3503290.6390000028, 1820549.2400000002, 60135.53399999999
Papua New Guinea, 1116.1719999999998, 1866511.1759999995, 2628771.6950000003, 5925889.660000001, 553677.054, 11496.335999999998, 20239.029999999995, 23147.141999999993, 11136.856999999998, 2757.5409999999997, 182672.75799999994, 795129.5079999997, 44343.951000000015, 639339.7320000001, 431316.2409999998, 468183.13000000006, 368808.5449999999, 917437.197, 274168.63499999995, 19228.883999999995
Paraguay, 241318.0909999999, 5259044.066000001, 37909.185999999994, 1567484.124, 94331.15299999999, 246354.35599999997, 13384.875999999997, 44368.06200000001, 284797.803, 407.851, 702329.074, 1307042.1980000003, 151071.49800000008, 507598.06399999995, 577955.369, 2300272.7789999996, 952770.651, 1604910.3619999993, 2432766.7480000006, 26141.238000000005
Peru, 1480786.7930000005, 11373416.966000006, 7480133.985000001, 20521899.151999995, 3771850.8299999987, 1499444.265, 87174.35499999998, 395362.25800000015, 105838.71399999999, 52135.80699999997, 3032049.7660000008, 5988091.890000001, 578693.6490000003, 5885927.584000002, 3210100.521999995, 6826054.324000001, 4116757.0810000002, 6987711.326999992, 3862144.6620000005, 133072.67100000006
Philippines, 2936015.9399999995, 9685383.351, 1984137.9339999992, 3188051.184, 3268975.3889999986, 3074533.0460000006, 2274206.4159999997, 19313868.840000007, 40806736.67899999, 48798.16100000001, 8378690.543000002, 18221460.243999995, 2033648.8089999994, 16324153.812, 9342194.085000003, 13493070.287999993, 12365990.834000008, 17871668.869000003, 28417070.04199999, 257137.8029999999
Pitcairn, 593.108, 402.053, 10.545, 232.401, 10.408999999999999, 57.68000000000001, 39.684, 350.528, 120.99, 88.55199999999999, 178.38000000000002, 590.831, 3.4480000000000004, 3112.4320000000002, 397.04600000000005, 332.278, 133.894, 350.739, 104.41500000000002, 6.926
Poland, 26738003.85699999, 47037440.72299996, 6941207.2420000015, 6215525.881000002, 24916617.55500001, 34870216.42699999, 36075676.547, 44839968.487, 26181777.373000015, 2112528.251000001, 25449863.148, 34248203.490999974, 4707038.965000002, 20957079.321999997, 26866188.800000016, 44489822.38899998, 32662943.31899999, 49470823.21999999, 33779874.716999985, 964140.2860000002
Portugal, 10353864.135000002, 13432503.354999995, 2308423.3149999995, 3762017.267, 4957897.988999996, 8670175.417, 10783197.298000002, 6700414.162000003, 5718230.337000003, 90312.35499999997, 7406534.147000002, 15843911.9, 1301030.2289999998, 9698524.468999999, 6652795.067000002, 14217863.205999997, 14428216.990999999, 11648166.898000004, 7862237.331, 230918.63100000005
Guinea-Bissau, 905.681, 170438.851, 69248.781, 3173.712, 535.3539999999999, 331.502, 187.666, 621.683, 106.714, 9.763, 16547.669999999995, 144021.12399999998, 7991.068999999999, 59296.861999999994, 21216.410999999993, 32225.009, 15715.572000000004, 14078.09, 18214.86, 1562.787
Timor-Leste, 276.0679999999999, 23413.05799999999, 25.909, 82704.724, 2102.426, 323.98600000000005, 654.005, 1505.6029999999998, 803.041, 38.963, 29772.889000000014, 162235.48600000006, 10909.828000000003, 88065.46600000001, 43984.66299999999, 49424.553999999975, 75808.55800000002, 49227.546999999984, 30160.11800000001, 1608.9390000000003
Qatar, 17937.846999999998, 34469.52599999999, 482111.772, 68229083.25799997, 2117715.3649999998, 5302929.401, 541562.2679999999, 187818.09800000003, 44511.708000000006, 3886.1179999999995, 1984965.1940000004, 3626265.793000002, 2510405.727, 1699999.4230000002, 2559029.2129999995, 3254419.5750000007, 6782650.385999997, 7564190.678999999, 3780055.32, 131069.27100000001
Romania, 8921702.263000002, 11187368.883999998, 755829.4109999998, 3112107.2610000013, 6460288.001, 7023301.925000005, 14475393.063999994, 12260584.644999998, 14368593.827, 149088.82300000003, 7975365.854000003, 12600960.394000001, 1674654.2010000008, 7357892.936, 9373313.936999999, 15823200.648000004, 10424226.997000003, 15401170.743999999, 13781288.449999997, 170723.32100000005
Russian Federation, 2079209.6499999987, 40385799.58500002, 19471813.639000006, 246284322.5330001, 43186416.346, 28362813.486999996, 8638183.778999997, 11656430.968, 5636036.497999999, 1254337.2800000003, 21143377.391, 33569558.844999984, 3481043.9650000003, 6505231.531999999, 16347807.18299999, 44720769.35400001, 33134025.37000001, 52473831.008999996, 26153934.82900002, 697111.331
Rwanda, 40031.35099999999, 444992.1330000002, 460148.197, 305866.32599999994, 22338.44099999999, 23038.697999999993, 17577.56, 14619.918, 19038.107000000007, 1527.953, 191886.27400000006, 541328.8860000002, 302985.97500000003, 517535.4350000001, 214568.291, 370227.3850000001, 111952.75399999999, 314829.634, 227441.96500000005, 15523.217
Saint Barth�lemy, 798.4069999999999, 2133.542, 49.64599999999999, 316.693, 657.0459999999999, 3896.6679999999997, 682.1800000000002, 290.93399999999997, 1211.8650000000002, 67.522, 36756.005999999994, 47232.659, 13646.145999999997, 12034.049, 16765.597999999987, 12813.321999999995, 15595.96, 33829.74600000001, 13674.051999999998, 915.5930000000001
Saint Helena, 612.9359999999999, 15574.118, 116.719, 1.4409999999999998, 220.07199999999992, 530.8270000000001, 86.32000000000001, 2915.297000000002, 2649.872000000001, 177.959, 1549.8010000000004, 9041.76, 350.211, 3994.775, 3352.5160000000005, 4580.6269999999995, 2963.4809999999998, 5924.078000000001, 2900.8340000000007, 74.72899999999998
Saint Kitts and Nevis, 209.752, 5096.585999999999, 77.149, 28.828, 704.428, 201.683, 3454.4930000000004, 11225.974000000002, 40171.60500000001, 22.108, 16409.771999999997, 55909.343, 27861.487, 62681.28, 18950.292000000005, 20444.034, 40420.157999999996, 38681.295, 26626.030999999995, 5127.195000000001
Anguilla, 309.586, 2048.949, 36.164, 40.266000000000005, 3265.1029999999996, 23900.555999999993, 12330.276999999998, 1130.7690000000002, 1703.1429999999998, 63.413, 7174.494000000001, 84479.71099999998, 2100.4629999999997, 33520.788, 5437.427, 6915.472999999998, 10990.059999999998, 10769.866000000005, 4911.569, 393.24300000000005
Saint Lucia, 6299.174, 41660.73, 9699.634, 33149.036, 3802.677999999999, 5773.176, 3146.2850000000008, 14774.748000000001, 8207.817999999997, 445.697, 31297.097999999998, 183415.04200000002, 19092.96, 1386363.5450000002, 34677.366, 70299.869, 42660.386000000006, 66732.54500000001, 40344.54599999998, 5069.556999999999
Saint Pierre and Miquelon, 43.071000000000005, 6968.358, 0.079, 16.734, 75.88499999999999, 46.149, 1.099, 479.56199999999995, 176.76300000000003, 6.614000000000001, 2730.350000000001, 15074.312999999996, 741.6899999999999, 180.245, 3329.5820000000003, 6745.778000000002, 4116.328, 9557.594000000001, 4696.350999999998, 226.213
Saint Vincent and the Grenadines, 658.6819999999999, 33728.45999999999, 390.67, 69992.389, 4901.950000000001, 2248.167, 51831.219999999994, 3929.497, 1238.7710000000002, 11205.957, 21672.835000000006, 108441.44300000004, 21629.966, 44578.613000000005, 26693.920000000002, 37921.887, 60325.79899999998, 46085.523, 24918.024999999998, 3387.9310000000005
San Marino, 21916.766, 15420.806, 3975.1990000000005, 7.564, 4940.517000000001, 24437.563, 6719.782999999999, 63113.33700000001, 4363.514, 675.5799999999999, 70133.35200000003, 39831.944, 8002.714, 40732.490000000005, 37976.55599999999, 31618.97, 21657.852, 34661.54000000001, 15921.806999999997, 573.3389999999999
Sao Tome and Principe, 323.407, 6999.356000000001, 51.649, 0.0, 1522.8449999999998, 351.4220000000001, 2440.5209999999997, 10741.419000000002, 335.784, 114.324, 7388.096000000001, 50637.085999999974, 2531.373999999999, 35142.477, 9127.780000000002, 16916.093999999994, 12379.877999999999, 14607.387999999997, 10366.035000000002, 4317.280000000001
Saudi Arabia, 529692.9520000002, 4761244.1570000015, 1766266.3009999997, 172464001.901, 4975339.150999998, 41258571.49099999, 231028.56199999992, 742449.1969999998, 902289.0949999997, 53676.089, 12681661.674000004, 25126576.06, 7011024.038, 5109712.135, 13210233.570000004, 19776429.54, 25762873.527000006, 24847492.77500001, 14698727.390999997, 310308.5150000001
Senegal, 110641.38, 1552049.98, 683712.0329999999, 1116416.8240000005, 175338.7679999999, 572175.5719999999, 66040.47799999999, 60066.895000000004, 27722.381, 4009.1649999999995, 1025300.5390000002, 2153252.249, 254667.54099999994, 2842117.624, 926865.1850000002, 1149856.1430000004, 994842.4839999997, 1071293.722, 724364.7849999999, 17715.795000000002
Serbia, 2083883.9689999993, 4979970.352000001, 349052.52899999986, 823629.7310000001, 2699303.963, 3184236.1849999996, 1196624.6339999994, 1964127.1619999986, 3145686.354000001, 73728.06599999998, 1947530.445000001, 3963844.8390000006, 478452.57200000016, 4255003.057, 2936199.9860000005, 4825764.559999996, 2655738.0050000004, 3892002.955000001, 3007101.1670000013, 70062.06
Seychelles, 1937.8680000000002, 496833.99199999997, 2262.42, 261891.197, 6144.130000000003, 5100.814, 175193.578, 15282.060000000003, 3997.3309999999997, 245.39499999999998, 56570.346000000005, 304445.5410000002, 29131.198, 242870.93400000004, 90220.84300000004, 88099.31700000001, 509118.1459999999, 147266.051, 76118.004, 2837.2530000000006
Sierra Leone, 6291.323, 192162.783, 116267.09800000001, 319141.67100000003, 17681.977000000003, 7324.664000000001, 5597.784999999999, 21929.779000000002, 10826.028999999997, 249.046, 73691.10000000002, 355357.2040000001, 27196.105000000003, 48802.433000000005, 110656.13400000003, 206132.42599999998, 103702.03700000001, 123191.71600000003, 96519.59800000001, 11584.328
"Europe EFTA, nes", 0.0, 0.0, 0.0, 0.0, 0.0, 0.0, 0.0, 0.0, 0.0, 0.0, 0.0, 0.0, 0.0, 0.0, 0.0, 0.0, 0.0, 0.0, 0.0, 0.0
India, 41187885.335999995, 42002918.18199999, 43628093.39200001, 46476433.21999999, 26442969.883999996, 62143186.81600004, 24341939.094000004, 26918682.505000018, 15769896.766, 725959.64, 12809524.952000003, 27853942.462, 64142252.558, 149564345.31100008, 30338017.28999999, 63261410.64900003, 17983814.90500001, 57607354.44599997, 49502647.951000035, 797396.9569999999
Singapore, 1968640.3870000003, 16034598.311000006, 16368522.017, 46664297.58400001, 6282710.085999998, 55369332.266, 10071698.267, 62757773.872000016, 84399307.606, 882397.2290000005, 6994890.611, 18074017.801999997, 21546029.628999997, 72976252.565, 12038427.076999994, 31101753.172999997, 24380124.287, 57902812.08399999, 75169192.66200003, 966839.39
Slovakia, 4709830.305999999, 6027106.300999996, 1321958.19, 3005297.365000001, 8391120.135000002, 7312165.242000004, 30853416.081000004, 13003767.231000017, 15417154.788999995, 216693.48600000003, 6040111.949000002, 7824849.689999997, 1375326.432000001, 7290608.332, 8064439.393999998, 10542882.312000003, 14051699.885, 14598465.42399999, 13806636.183000004, 185340.05700000006
Viet Nam, 73976822.75500001, 34551407.363, 4329247.027000001, 5920844.341000002, 11933681.008999998, 14182554.866999999, 4441110.577000001, 23867360.09300001, 107026812.63299997, 133421.94199999995, 26211082.41799998, 35929628.15599999, 4503249.045999999, 17340642.188, 24216990.775999993, 33644980.445999995, 10788707.199999997, 36542567.56000002, 73667831.893, 369402.511
Slovenia, 2215289.212, 3788202.6619999995, 608522.7239999999, 2133607.204000001, 4222835.189, 9162716.947999999, 6593699.376999998, 5327910.312999998, 4254320.999999999, 194233.89, 2795870.3500000006, 5194831.825000003, 601504.7719999996, 4043560.084999998, 4645516.473999999, 9534330.673, 5953501.0200000005, 5630591.284000003, 4052888.378, 111406.84199999999
Somalia, 3715.5809999999997, 230342.40799999997, 174313.20200000002, 823.7260000000001, 2091.208, 5911.367000000002, 397.305, 378.4990000000001, 1613.6220000000003, 12.628999999999998, 516457.6750000001, 1741699.9510000001, 90981.117, 34698.337, 258534.301, 357750.8280000001, 181137.58199999997, 169508.46799999996, 237129.6059999999, 3387.189
South Africa, 1844379.8410000002, 12587809.973999998, 30230047.79300001, 23453926.79000001, 10495070.595999997, 7863849.684999997, 13536853.077000009, 6527863.840000002, 1765845.748, 258438.85799999986, 5736371.500000005, 8914062.873000003, 4684428.474, 15239414.048, 4815824.408999998, 13658243.371000005, 10525564.979000006, 15571336.46899999, 8939050.918000003, 442807.8610000001
So. African Customs Union, 1246392.7980000002, 4536694.610000001, 6172274.307999999, 4620421.113, 4693884.064000001, 2310801.8819999998, 1014464.4400000006, 1243723.091000001, 454505.93499999994, 71552.35899999997, 1567151.234, 3159583.303000001, 839860.6289999996, 2449755.994, 1450991.3289999994, 4150847.0370000005, 3363617.713999999, 6687026.121999997, 2899693.4680000003, 324698.385
Zimbabwe, 79782.066, 1013579.3469999997, 2107111.408, 418025.835, 329028.69699999987, 23222.208, 13804.347000000003, 27237.275999999994, 13425.395, 27573.701999999997, 127498.39500000005, 552030.9010000002, 102910.10000000002, 1516085.3049999997, 297114.1539999999, 973113.6100000005, 383978.3789999999, 652359.0949999997, 198469.3860000001, 22213.64
Spain, 24906427.436000004, 67022659.27700001, 10127946.999999998, 20322002.35, 27174709.045, 54414177.29799999, 64513545.137, 31367609.310000002, 18190780.898000006, 1238423.8739999994, 36674415.80900002, 52156864.03500001, 6036755.324, 52067621.22300001, 25455725.70499999, 60981446.80499996, 49581539.38599999, 53008439.88899999, 30925576.322000034, 1112349.289
South Sudan, 148.752, 42103.12700000001, 47629.397000000004, 1620077.2480000001, 43.436, 33.577000000000005, 207.09999999999997, 213.09300000000005, 54.59, 4.164, 59898.924, 129426.05200000003, 4611.135, 6998.486999999999, 37320.41900000001, 91771.85999999999, 179146.84899999996, 87926.72199999997, 55098.99999999997, 15122.761000000004
Sudan, 135025.98200000005, 1778825.8520000004, 1200667.261, 794599.1900000002, 33820.61, 6404.398000000001, 22059.783999999992, 24563.838000000007, 2019.4420000000002, 153.763, 1182071.0470000003, 1871137.5670000007, 345908.744, 103445.832, 488720.4459999999, 1469901.5410000004, 523378.9699999998, 870730.4219999999, 557952.5690000001, 62955.695
Fmr Sudan, 171457.688, 570224.0580000001, 18770.615, 8178.484, 4040.9350000000004, 1740.8489999999997, 1059.253, 4713.317999999999, 948.549, 365.757, 75027.94599999997, 382670.6269999997, 18513.402000000006, 98854.13399999999, 135834.08700000003, 218840.24899999995, 120246.11699999997, 200995.40600000002, 87843.55000000002, 6245.987
Suriname, 3634.4870000000005, 384349.749, 2038339.1600000001, 117641.84500000002, 16165.950000000004, 7543.271, 6164.329, 18413.049000000003, 4779.084999999999, 157.812, 90036.78499999995, 331144.5409999999, 29828.009000000002, 161057.62799999997, 143007.07900000003, 240488.96900000004, 237181.27500000008, 400380.27699999994, 144714.83899999992, 5873.878999999999
Swaziland, 242486.49100000004, 745476.9080000003, 1481212.1079999998, 37201.418, 12810.948999999997, 983615.9289999999, 20926.306, 69049.904, 13340.211000000003, 7706.822999999997, 229306.59900000007, 426165.4139999994, 124648.939, 344665.47000000003, 105493.55300000009, 339521.50699999975, 133529.18000000005, 160632.54500000004, 92914.78500000005, 12679.112000000005
Sweden, 5857082.051999999, 26450125.103, 1828333.706, 13662722.270999996, 15240917.019, 24037764.105999995, 25566726.661000017, 31348299.340000004, 13481930.587999998, 295123.47500000015, 11669716.081000002, 19034389.51399999, 2359108.0649999995, 16361739.223, 13101552.485000009, 21311545.526000008, 20823057.647, 27154611.22199999, 18462939.245000005, 546617.3800000001
Switzerland, 5336999.828999994, 11910063.080999993, 77039313.96699996, 3097670.320999999, 9649600.99900001, 116749727.57900004, 6235646.772000006, 64479380.154999964, 12772569.578999996, 2418834.600999999, 19663335.02300001, 19105440.448, 93140920.29500002, 13280067.09, 16677985.568, 57623256.627000004, 19682548.714999996, 34968333.99100002, 14721772.998000002, 4076968.8070000033
Syria, 55823.108000000015, 491601.04600000003, 20896.36, 14906.791, 13422.957, 24439.04, 759.8769999999998, 4467.597, 2053.424, 2110.7599999999998, 509610.3650000003, 2309234.548, 127769.60399999998, 217071.73700000002, 431387.0449999999, 880442.1980000001, 266300.818, 542916.3549999995, 568867.701, 95251.44799999999
Tajikistan, 149976.35299999992, 42347.981, 176532.436, 250565.296, 178345.098, 6296.589, 2156.9509999999996, 2507.4610000000002, 679.7240000000002, 1125.1390000000001, 605066.856, 820663.3260000005, 123426.68500000003, 537541.6039999999, 399847.54699999996, 513462.9359999999, 326210.58299999987, 412661.11100000015, 270781.8329999999, 8570.033
Thailand, 9636153.433999998, 42471502.587, 17031308.909000006, 9444476.94399999, 10602863.466, 42298752.79000004, 30104641.59799997, 50549965.99700003, 36317638.80600001, 155098.24099999998, 7784190.263999989, 20244953.832000017, 11004045.788, 34126249.33099999, 24715648.034000013, 26941691.11299997, 13017069.058000008, 36223285.83900002, 34306108.540000044, 358126.98499999987
Togo, 175866.973, 393770.4309999999, 26287.656, 966923.973, 97371.07800000001, 196208.752, 84391.09100000001, 24270.228, 5878.953999999999, 636.366, 963724.6999999998, 1201909.5299999998, 68048.99199999997, 5649629.143, 331314.2249999998, 623272.3910000002, 651271.1780000002, 339390.81799999974, 444629.3449999998, 8723.217000000002
Tokelau, 4621.437, 2622.494999999999, 595.5810000000001, 497.706, 1325.0320000000002, 1549.8979999999997, 1083.2050000000002, 6379.923999999999, 332.993, 39.489, 202.49499999999998, 1777.5329999999997, 36.236000000000004, 1595.3419999999999, 192.931, 2561.396, 349.794, 3627.5879999999993, 1683.958, 0.092
Tonga, 67.40700000000001, 11436.692000000001, 42.711999999999996, 5.475999999999999, 404.137, 268.956, 116.17, 407.63899999999995, 475.871, 1647.286, 8693.861, 69808.15999999999, 2715.7139999999995, 46464.26900000001, 11627.779000000002, 17335.319999999992, 12081.503000000002, 15329.831999999999, 19398.333, 2468.8199999999997
Trinidad and Tobago, 20605.873, 389037.5839999999, 11226.965999999999, 4867336.112000001, 670092.457, 2956121.4049999993, 170527.27500000008, 376909.68400000036, 31045.753999999997, 14939.695000000002, 177466.02399999998, 997083.0970000001, 70506.957, 1478778.778, 471670.5040000002, 663207.4510000006, 903936.618, 1386767.3979999996, 350441.11800000013, 30954.519
United Arab Emirates, 5286123.651, 14538686.85100001, 46148804.545, 98910434.32100004, 17005964.808999993, 16895346.057000004, 12116963.298999997, 16105197.353000002, 19518801.750000004, 1454197.4369999997, 13776027.536000002, 21250437.359, 60939314.21700001, 21958287.756, 15036967.805000007, 19974394.63499999, 20948780.972, 31503001.190999992, 28857149.51299999, 1183567.3940000003
Tunisia, 4472429.504999999, 2005265.4090000002, 118187.959, 1057542.2770000005, 742177.7380000001, 1394149.0360000008, 1037255.475, 1498799.3269999996, 4295135.096999999, 9872.296, 2480943.955, 2875124.1370000006, 234335.26700000008, 4146212.988000001, 1798158.5690000001, 3057168.5359999985, 1462121.731, 2546751.495, 3005527.018999997, 41094.66100000001
Turkey, 34620797.62999999, 24391729.308, 11212067.275999993, 13737562.352999998, 24234662.231000006, 18004232.696999997, 30281044.688999992, 20654439.908, 9942334.315, 392229.89300000004, 12484023.817000007, 19136901.406999998, 14781684.81, 26211272.943000004, 24216171.929999992, 34499640.043999985, 17014107.583000004, 29004545.826000005, 15060139.030000003, 279827.3619999998
Turkmenistan, 290031.965, 62746.699000000015, 18163.998, 8661913.305999998, 1631.948, 243722.87900000004, 17798.57, 28889.694000000003, 3847.804, 594.621, 146481.65700000004, 462287.596, 99627.50200000001, 72620.217, 468455.0449999999, 507337.85200000025, 289417.369, 677010.4699999995, 289130.63, 5755.080999999999
Turks and Caicos Isds, 596.412, 2795.85, 595.084, 80.769, 1943.1860000000001, 3448.4610000000002, 216.658, 2815.4980000000005, 1104.1250000000002, 36.039, 20333.544000000005, 84848.24999999997, 22232.721999999998, 27330.004, 19019.002999999997, 20293.246, 31566.477, 27220.611999999994, 11200.629, 1277.817
Tuvalu, 69.61599999999999, 9956.45, 224.21599999999998, 0.098, 64.161, 21.150000000000006, 7149.946999999999, 88.38, 184.398, 53.795, 2930.3269999999993, 6737.133, 668.201, 15563.072000000002, 6499.209000000002, 1804.6330000000003, 28898.279999999995, 4398.857999999998, 1232.8299999999997, 125.21900000000001
Uganda, 50483.596, 1117565.5310000004, 1719762.532, 28224.95500000001, 23384.52800000001, 54177.456999999995, 3998.9649999999992, 4967.752, 3306.357999999999, 2798.55, 276334.83599999995, 620806.7710000001, 50846.884999999995, 113700.57699999998, 329644.624, 934679.3279999996, 500092.17200000014, 579367.9790000002, 383026.38499999995, 46683.428
Ukraine, 1828800.5570000005, 22828060.848999996, 465850.74100000004, 5084605.081000001, 10450091.498999996, 2942228.8420000006, 983287.8719999999, 1874874.2430000005, 2986399.3070000005, 61269.02600000002, 3840668.678, 7503091.241, 879478.0559999995, 9497694.098000001, 3447277.1249999995, 10432063.761000004, 5515358.762999999, 8330067.263999999, 5825793.726, 96337.63099999998
TFYR of Macedonia, 1006805.8030000004, 786538.6719999998, 84464.57699999998, 486609.1760000001, 799846.2349999999, 1813391.540999999, 794397.468, 960005.9900000005, 1116319.998, 7129.802, 848957.1699999996, 1197243.1819999996, 2268001.2730000005, 1082866.5460000006, 825529.4649999996, 1362886.5159999998, 506168.78100000037, 860100.5519999997, 1078963.2279999992, 12466.036000000002
Fmr USSR, 0.0, 0.0, 0.0, 0.0, 0.0, 0.0, 0.0, 0.0, 0.0, 0.0, 0.0, 0.0, 0.0, 0.0, 0.0, 0.0, 0.0, 0.0, 0.0, 0.0
Egypt, 4235314.119999999, 6872062.476999999, 3332159.5929999994, 10361756.639999999, 2277814.360000001, 6638983.104000002, 151097.102, 423866.1150000003, 2203107.812, 176993.32300000006, 5520505.718000003, 19193438.94, 864362.3850000002, 12034142.489000004, 8444796.819999997, 12439476.560000008, 5529536.4590000035, 11001623.596000008, 7316298.016000004, 136715.74799999993
United Kingdom, 18033915.175999995, 38530725.40199998, 42654130.20599999, 41527879.78399997, 22712280.712999996, 77940619.94199996, 71387191.02700001, 96499551.34200002, 27937624.016000003, 9189697.096, 54635816.17199997, 85492140.20100002, 90421214.14899997, 59059775.617000006, 32224365.851999998, 84700938.472, 92076240.93799996, 99344405.47099997, 59738990.02299998, 6365501.996000002
United Rep. of Tanzania, 204266.133, 1727804.9100000006, 1627730.2, 319185.46900000004, 277583.707, 78367.48000000003, 15581.116999999998, 20124.662999999997, 7477.297000000003, 3917.883, 1428480.2749999983, 1382618.7800000003, 272908.29399999994, 1669344.3960000002, 1269106.3130000008, 1907938.2599999988, 1113638.1819999998, 1253974.432, 888947.3060000003, 38179.204000000005
USA, 36464043.753999986, 179255765.6600001, 58633071.34599998, 209228827.28299996, 68068166.958, 262019968.2429998, 196592893.24300003, 322020745.4029998, 163762199.1419998, 15885372.020000009, 213900483.53200004, 210324435.9070001, 75900282.07500008, 201129399.6460002, 128059634.58899997, 327151199.31300014, 357191047.53000015, 523526376.735, 333582087.57500017, 12413142.673
US Misc. Pacific Isds, 5308.0960000000005, 67083.506, 466.4550000000001, 11389.849, 3876.680000000001, 1955.796, 1253.472, 6377.718, 6269.1849999999995, 1780.0549999999998, 141015.99799999993, 204190.54700000002, 19088.796000000002, 225730.59699999998, 31662.012, 37353.132000000005, 55994.065, 82848.768, 25090.550999999996, 3715.428000000001
Burkina Faso, 400805.2470000001, 362381.8279999999, 4645385.408000001, 295601.9330000001, 175651.65199999994, 24835.351999999988, 44518.247, 34756.056000000004, 4242.9130000000005, 548.31, 177532.74000000008, 740114.1230000001, 32934.231, 766731.412, 241199.7499999999, 693627.7969999998, 433214.28100000013, 589185.8970000002, 236532.70600000006, 10347.487000000001
Uruguay, 299435.58699999994, 7222366.723000003, 50009.15499999999, 127508.69300000003, 110186.19200000001, 911116.4820000003, 185815.345, 111666.31299999998, 76607.909, 6423.406999999999, 720738.916, 1603932.3170000003, 124716.57299999999, 1931170.23, 428541.4079999999, 2314470.2779999985, 814813.2990000002, 1221076.7900000003, 696790.9019999999, 46400.863999999994
Uzbekistan, 2009532.0490000003, 1694621.257, 5451779.113000001, 2564408.708, 1159115.5200000003, 790817.6349999998, 190728.14399999997, 79933.90799999998, 139746.969, 4884.031999999999, 1126216.3789999997, 2780473.4379999996, 392735.31299999997, 1344060.509, 2604610.6980000003, 3030806.091000001, 3014396.0280000004, 5782235.616, 1362176.111, 37830.441
Venezuela, 14522.670999999991, 475283.42399999977, 250646.18999999994, 13171411.629, 343942.445, 419803.8089999999, 4291.059, 12955.959000000006, 34758.053, 9503.592, 380646.6139999998, 1671717.3030000003, 55013.670999999995, 975715.178, 167067.45299999992, 932144.5900000007, 220298.909, 719928.6889999994, 395929.63800000004, 52280.511000000006
Wallis and Futuna Isds, 23.087000000000003, 5.606, 575.7130000000001, 3.668, 30.650000000000002, 64.27900000000001, 252.15099999999998, 91.67200000000001, 916.7510000000001, 0.115, 3216.3109999999997, 17063.768999999993, 331.06399999999996, 8226.372000000001, 1443.2219999999998, 5168.657000000001, 1793.6199999999994, 5214.9490000000005, 1621.586, 72.248
Samoa, 2906.6500000000005, 36559.20700000001, 151.48199999999997, 12307.499000000003, 1924.5729999999999, 3001.48, 1445.116, 2444.9590000000003, 8530.483999999999, 44.202, 26567.440000000013, 138891.37499999997, 10460.588000000003, 74409.053, 64812.81599999997, 45825.06699999999, 62313.19099999999, 40556.316999999995, 42824.72, 2221.4729999999995
Yemen, 770.1179999999999, 292486.18100000004, 84860.72399999999, 948693.3680000001, 64395.59899999999, 44703.227, 6780.271000000001, 2725.3080000000004, 495.638, 107.198, 1568672.0940000005, 4762354.427, 184900.20399999994, 767496.653, 1155789.0460000008, 1326177.6840000004, 621234.0950000001, 618222.3900000001, 402273.85800000024, 10935.514999999998
Serbia and Montenegro, 9056.382000000001, 145961.32100000005, 6908.275, 3284.9049999999997, 29050.388000000003, 24343.266000000014, 4326.838000000001, 17454.990999999998, 11012.105999999996, 1928.7290000000003, 29643.431000000004, 211548.90700000004, 5247.759, 74551.621, 17483.321999999996, 151246.33300000004, 10516.862000000001, 39927.62499999999, 6780.157999999999, 2108.106
Zambia, 64982.02699999998, 699262.2039999998, 580890.1729999998, 463286.543, 7655323.037000001, 364777.41300000006, 36781.869000000006, 129359.12199999999, 45986.11000000001, 29425.442, 279707.445, 692333.5599999998, 281073.059, 1420484.8680000002, 641886.6350000006, 1572608.367, 697049.108, 1221476.664, 475876.44000000006, 43575.69999999999